id,Date,Rm Sold,Revenue,ADR,RevPar,Occupancy_Pct,Year,Month,DayOfWeek,DayOfYear,Quarter,created_at
1,2025-01-01 00:00:00,286.0,278676.01000000007,974.3916433566436,822.053126843658,84.36578171091446,2025,1,2,1,1,2025-08-17 08:40:34
2,2025-01-02 00:00:00,297.0,219446.19,738.8760606060606,647.3338938053097,87.61061946902655,2025,1,3,2,1,2025-08-17 08:40:34
3,2025-01-03 00:00:00,265.0,151851.72000000003,573.0253584905662,447.9401769911505,78.17109144542773,2025,1,4,3,1,2025-08-17 08:40:34
4,2025-01-04 00:00:00,243.0,126849.86000000002,522.0158847736626,374.18837758112096,71.68141592920354,2025,1,5,4,1,2025-08-17 08:40:34
5,2025-01-05 00:00:00,223.0,113401.95999999999,508.52896860986544,334.51905604719764,65.78171091445427,2025,1,6,5,1,2025-08-17 08:40:34
6,2025-01-06 00:00:00,249.0,123867.88999999998,497.4614056224899,365.392005899705,73.45132743362832,2025,1,0,6,1,2025-08-17 08:40:34
7,2025-01-07 00:00:00,235.0,114562.62000000001,487.5005106382979,337.9428318584071,69.32153392330383,2025,1,1,7,1,2025-08-17 08:40:34
8,2025-01-08 00:00:00,260.0,120695.86,464.21484615384617,356.03498525073746,76.69616519174042,2025,1,2,8,1,2025-08-17 08:40:34
9,2025-01-09 00:00:00,277.0,131524.25,474.8167870036101,387.97713864306786,81.71091445427729,2025,1,3,9,1,2025-08-17 08:40:34
10,2025-01-10 00:00:00,282.0,133143.08,472.1385815602836,392.75244837758106,83.1858407079646,2025,1,4,10,1,2025-08-17 08:40:34
11,2025-01-11 00:00:00,246.0,112033.93,455.4224796747967,330.4835693215339,72.56637168141593,2025,1,5,11,1,2025-08-17 08:40:34
12,2025-01-12 00:00:00,245.0,112252.81999999999,458.17477551020403,331.1292625368731,72.27138643067846,2025,1,6,12,1,2025-08-17 08:40:34
13,2025-01-13 00:00:00,294.0,139057.83000000002,472.98581632653065,410.20008849557524,86.72566371681415,2025,1,0,13,1,2025-08-17 08:40:34
14,2025-01-14 00:00:00,307.0,137489.2,447.84755700325735,405.5728613569322,90.56047197640117,2025,1,1,14,1,2025-08-17 08:40:34
15,2025-01-15 00:00:00,316.0,152318.78,482.0214556962025,449.31793510324485,93.21533923303835,2025,1,2,15,1,2025-08-17 08:40:34
16,2025-01-16 00:00:00,289.0,133292.56999999998,461.2199653979238,393.19342182890847,85.25073746312685,2025,1,3,16,1,2025-08-17 08:40:34
17,2025-01-17 00:00:00,262.0,116838.2,445.9473282442748,344.65545722713864,77.28613569321534,2025,1,4,17,1,2025-08-17 08:40:34
18,2025-01-18 00:00:00,231.0,102217.71,442.50090909090915,301.52716814159294,68.14159292035397,2025,1,5,18,1,2025-08-17 08:40:34
19,2025-01-19 00:00:00,225.0,97275.71,432.33648888888894,286.9489970501475,66.3716814159292,2025,1,6,19,1,2025-08-17 08:40:34
20,2025-01-20 00:00:00,230.0,103349.56,449.3459130434783,304.8659587020649,67.84660766961652,2025,1,0,20,1,2025-08-17 08:40:34
21,2025-01-21 00:00:00,252.0,114543.98999999999,454.53964285714284,337.88787610619465,74.33628318584071,2025,1,1,21,1,2025-08-17 08:40:34
22,2025-01-22 00:00:00,245.0,116377.95999999999,475.012081632653,343.29781710914455,72.27138643067846,2025,1,2,22,1,2025-08-17 08:40:34
23,2025-01-23 00:00:00,225.0,102724.58999999998,456.55373333333324,303.0223893805309,66.3716814159292,2025,1,3,23,1,2025-08-17 08:40:34
24,2025-01-24 00:00:00,232.0,106765.06,460.19422413793103,314.94117994100293,68.43657817109144,2025,1,4,24,1,2025-08-17 08:40:34
25,2025-01-25 00:00:00,221.0,107833.54999999999,487.9346153846153,318.09306784660765,65.19174041297934,2025,1,5,25,1,2025-08-17 08:40:34
26,2025-01-26 00:00:00,289.0,177522.3,614.2640138408304,523.6646017699114,85.25073746312685,2025,1,6,26,1,2025-08-17 08:40:34
27,2025-01-27 00:00:00,332.0,223119.56,672.0468674698795,658.1697935103244,97.93510324483776,2025,1,0,27,1,2025-08-17 08:40:34
28,2025-01-28 00:00:00,322.0,214082.68999999997,664.8530745341614,631.5123598820059,94.98525073746312,2025,1,1,28,1,2025-08-17 08:40:34
29,2025-01-29 00:00:00,305.0,203361.84,666.760131147541,599.8874336283186,89.97050147492625,2025,1,2,29,1,2025-08-17 08:40:34
30,2025-01-30 00:00:00,251.0,165902.43000000002,660.9658565737053,489.3876991150443,74.04129793510324,2025,1,3,30,1,2025-08-17 08:40:34
31,2025-01-31 00:00:00,242.0,122919.76000000001,507.9328925619835,362.5951622418879,71.38643067846607,2025,1,4,31,1,2025-08-17 08:40:34
32,2025-02-01 00:00:00,243.0,113322.01999999999,466.34576131687237,334.2832448377581,71.68141592920354,2025,2,5,32,1,2025-08-17 08:40:34
33,2025-02-02 00:00:00,269.0,125098.77,465.05118959107807,369.02292035398233,79.35103244837758,2025,2,6,33,1,2025-08-17 08:40:34
34,2025-02-03 00:00:00,311.0,151441.08000000002,486.94881028938914,446.72884955752215,91.74041297935102,2025,2,0,34,1,2025-08-17 08:40:34
35,2025-02-04 00:00:00,337.0,163291.40999999997,484.54424332344206,481.6855752212389,99.41002949852508,2025,2,1,35,1,2025-08-17 08:40:34
36,2025-02-05 00:00:00,336.0,169963.22,505.84291666666667,501.3664306784661,99.11504424778761,2025,2,2,36,1,2025-08-17 08:40:34
37,2025-02-06 00:00:00,319.0,159177.79,498.9899373040753,469.55100294985255,94.10029498525073,2025,2,3,37,1,2025-08-17 08:40:34
38,2025-02-07 00:00:00,258.0,126274.22,489.4349612403101,372.4903244837758,76.10619469026548,2025,2,4,38,1,2025-08-17 08:40:34
39,2025-02-08 00:00:00,262.0,127122.56999999999,485.2006488549618,374.99283185840704,77.28613569321534,2025,2,5,39,1,2025-08-17 08:40:34
40,2025-02-09 00:00:00,292.0,143006.44,489.74808219178084,421.84790560471976,86.13569321533923,2025,2,6,40,1,2025-08-17 08:40:34
41,2025-02-10 00:00:00,333.0,161533.94999999998,485.08693693693687,476.50132743362826,98.23008849557522,2025,2,0,41,1,2025-08-17 08:40:34
42,2025-02-11 00:00:00,314.0,161240.48999999996,513.5047452229298,475.63566371681407,92.62536873156341,2025,2,1,42,1,2025-08-17 08:40:34
43,2025-02-12 00:00:00,322.0,169482.67,526.343695652174,499.94887905604725,94.98525073746312,2025,2,2,43,1,2025-08-17 08:40:34
44,2025-02-13 00:00:00,293.0,153892.9,525.2317406143344,453.96135693215336,86.4306784660767,2025,2,3,44,1,2025-08-17 08:40:34
45,2025-02-14 00:00:00,278.0,146489.74000000002,526.941510791367,432.1231268436579,82.00589970501476,2025,2,4,45,1,2025-08-17 08:40:34
46,2025-02-15 00:00:00,269.0,151015.71,561.396691449814,445.4740707964601,79.35103244837758,2025,2,5,46,1,2025-08-17 08:40:34
47,2025-02-16 00:00:00,297.0,202947.75999999995,683.325791245791,598.6659587020647,87.61061946902655,2025,2,6,47,1,2025-08-17 08:40:34
48,2025-02-17 00:00:00,330.0,288666.14,874.7458787878788,851.5225368731564,97.34513274336283,2025,2,0,48,1,2025-08-17 08:40:34
49,2025-02-18 00:00:00,337.0,299373.97,888.350059347181,883.1090560471976,99.41002949852508,2025,2,1,49,1,2025-08-17 08:40:34
50,2025-02-19 00:00:00,339.0,314155.19,926.7114749262537,926.7114749262537,100.0,2025,2,2,50,1,2025-08-17 08:40:34
51,2025-02-20 00:00:00,339.0,336356.15,992.2010324483776,992.2010324483776,100.0,2025,2,3,51,1,2025-08-17 08:40:34
52,2025-02-21 00:00:00,337.0,270424.14,802.4455192878339,797.7113274336284,99.41002949852508,2025,2,4,52,1,2025-08-17 08:40:34
53,2025-02-22 00:00:00,329.0,226989.98999999996,689.9391793313068,669.5869911504424,97.05014749262537,2025,2,5,53,1,2025-08-17 08:40:34
54,2025-02-23 00:00:00,333.0,224079.06999999998,672.91012012012,661.0002064896754,98.23008849557522,2025,2,6,54,1,2025-08-17 08:40:34
55,2025-02-24 00:00:00,339.0,220193.05,649.5370206489675,649.5370206489675,100.0,2025,2,0,55,1,2025-08-17 08:40:34
56,2025-02-25 00:00:00,333.0,215153.43000000002,646.1063963963965,634.6708849557523,98.23008849557522,2025,2,1,56,1,2025-08-17 08:40:34
57,2025-02-26 00:00:00,317.0,186041.84999999998,586.8828075709779,548.7960176991149,93.5103244837758,2025,2,2,57,1,2025-08-17 08:40:34
58,2025-02-27 00:00:00,309.0,168738.97,546.0808090614887,497.7550737463127,91.1504424778761,2025,2,3,58,1,2025-08-17 08:40:34
59,2025-02-28 00:00:00,233.0,115027.05999999998,493.6783690987124,339.3128613569321,68.73156342182891,2025,2,4,59,1,2025-08-17 08:40:34
60,2025-03-01 00:00:00,192.0,80161.4,417.5072916666666,236.46430678466075,56.63716814159292,2025,3,5,60,1,2025-08-17 08:40:34
61,2025-03-02 00:00:00,182.0,72415.24,397.8859340659341,213.61427728613572,53.687315634218294,2025,3,6,61,1,2025-08-17 08:40:34
62,2025-03-03 00:00:00,173.0,67041.99,387.52595375722547,197.76398230088498,51.03244837758112,2025,3,0,62,1,2025-08-17 08:40:34
63,2025-03-04 00:00:00,169.0,63794.5,377.4822485207101,188.1843657817109,49.852507374631266,2025,3,1,63,1,2025-08-17 08:40:34
64,2025-03-05 00:00:00,152.0,57318.459999999985,377.09513157894725,169.08100294985246,44.83775811209439,2025,3,2,64,1,2025-08-17 08:40:34
65,2025-03-06 00:00:00,144.0,53386.85999999999,370.7420833333333,157.4833628318584,42.47787610619469,2025,3,3,65,1,2025-08-17 08:40:34
66,2025-03-07 00:00:00,128.0,48576.520000000004,379.50406250000003,143.29356932153394,37.75811209439528,2025,3,4,66,1,2025-08-17 08:40:34
67,2025-03-08 00:00:00,141.0,51963.65,368.53652482269507,153.28510324483776,41.5929203539823,2025,3,5,67,1,2025-08-17 08:40:34
68,2025-03-09 00:00:00,121.0,44186.73,365.17958677685954,130.34433628318584,35.693215339233035,2025,3,6,68,1,2025-08-17 08:40:34
69,2025-03-10 00:00:00,139.0,51158.579999999994,368.0473381294964,150.91026548672565,41.00294985250738,2025,3,0,69,1,2025-08-17 08:40:34
70,2025-03-11 00:00:00,160.0,58393.45,364.95906249999996,172.25206489675514,47.1976401179941,2025,3,1,70,1,2025-08-17 08:40:34
71,2025-03-12 00:00:00,151.0,53809.19,356.3522516556292,158.72917404129794,44.54277286135693,2025,3,2,71,1,2025-08-17 08:40:34
72,2025-03-13 00:00:00,143.0,51027.94999999999,356.8388111888111,150.52492625368728,42.18289085545723,2025,3,3,72,1,2025-08-17 08:40:34
73,2025-03-14 00:00:00,154.0,54034.5,350.8733766233766,159.39380530973452,45.42772861356932,2025,3,4,73,1,2025-08-17 08:40:34
74,2025-03-15 00:00:00,165.0,59801.17,362.4313333333333,176.40463126843656,48.67256637168141,2025,3,5,74,1,2025-08-17 08:40:34
75,2025-03-16 00:00:00,147.0,53223.79,362.0665986394558,157.00233038348082,43.36283185840708,2025,3,6,75,1,2025-08-17 08:40:34
76,2025-03-17 00:00:00,161.0,58254.14,361.82695652173913,171.8411209439528,47.49262536873156,2025,3,0,76,1,2025-08-17 08:40:34
77,2025-03-18 00:00:00,146.0,51958.94,355.88315068493154,153.27120943952804,43.067846607669615,2025,3,1,77,1,2025-08-17 08:40:34
78,2025-03-19 00:00:00,144.0,52803.130000000005,366.6884027777778,155.76144542772863,42.47787610619469,2025,3,2,78,1,2025-08-17 08:40:34
79,2025-03-20 00:00:00,154.0,59082.43000000001,383.6521428571429,174.28445427728616,45.42772861356932,2025,3,3,79,1,2025-08-17 08:40:34
80,2025-03-21 00:00:00,145.0,55854.94,385.2064827586207,164.7638348082596,42.772861356932154,2025,3,4,80,1,2025-08-17 08:40:34
81,2025-03-22 00:00:00,139.0,52083.22000000001,374.6994244604317,153.63781710914458,41.00294985250738,2025,3,5,81,1,2025-08-17 08:40:34
82,2025-03-23 00:00:00,145.0,52828.64000000001,364.3354482758621,155.83669616519177,42.772861356932154,2025,3,6,82,1,2025-08-17 08:40:34
83,2025-03-24 00:00:00,146.0,55638.259999999995,381.08397260273966,164.12466076696163,43.067846607669615,2025,3,0,83,1,2025-08-17 08:40:34
84,2025-03-25 00:00:00,151.0,58812.420000000006,389.4862251655629,173.48796460176993,44.54277286135693,2025,3,1,84,1,2025-08-17 08:40:34
85,2025-03-26 00:00:00,150.0,58799.939999999995,391.9996,173.45115044247785,44.24778761061947,2025,3,2,85,1,2025-08-17 08:40:34
86,2025-03-27 00:00:00,152.0,60006.52,394.77973684210525,177.01038348082594,44.83775811209439,2025,3,3,86,1,2025-08-17 08:40:34
87,2025-03-28 00:00:00,154.0,63972.560000000005,415.4062337662338,188.70961651917406,45.42772861356932,2025,3,4,87,1,2025-08-17 08:40:34
88,2025-03-29 00:00:00,176.0,77166.20999999999,438.444375,227.62893805309733,51.91740412979351,2025,3,5,88,1,2025-08-17 08:40:34
89,2025-03-30 00:00:00,225.0,112530.96,500.1376,331.94973451327434,66.3716814159292,2025,3,6,89,1,2025-08-17 08:40:34
90,2025-03-31 00:00:00,304.0,171064.88999999998,562.7134539473684,504.61619469026544,89.67551622418878,2025,3,0,90,1,2025-08-17 08:40:34
91,2025-04-01 00:00:00,310.0,175220.09,565.2260967741936,516.8734218289086,91.44542772861357,2025,4,1,91,2,2025-08-17 08:40:34
92,2025-04-02 00:00:00,320.0,181416.22,566.9256875,535.1510914454277,94.3952802359882,2025,4,2,92,2,2025-08-17 08:40:34
93,2025-04-03 00:00:00,327.0,182969.16,559.5387155963302,539.7320353982301,96.46017699115043,2025,4,3,93,2,2025-08-17 08:40:34
94,2025-04-04 00:00:00,284.0,145365.81000000003,511.8514436619719,428.80769911504433,83.77581120943954,2025,4,4,94,2,2025-08-17 08:40:34
95,2025-04-05 00:00:00,258.0,124808.85000000002,483.7552325581396,368.1676991150443,76.10619469026548,2025,4,5,95,2,2025-08-17 08:40:34
96,2025-04-06 00:00:00,253.0,120693.40000000001,477.04901185770757,356.02772861356937,74.63126843657817,2025,4,6,96,2,2025-08-17 08:40:34
97,2025-04-07 00:00:00,313.0,164635.44999999998,525.9918530351437,485.6502949852507,92.33038348082596,2025,4,0,97,2,2025-08-17 08:40:34
98,2025-04-08 00:00:00,324.0,173858.3,536.5996913580246,512.8563421828908,95.57522123893806,2025,4,1,98,2,2025-08-17 08:40:34
99,2025-04-09 00:00:00,327.0,178203.06000000003,544.9634862385321,525.672743362832,96.46017699115043,2025,4,2,99,2,2025-08-17 08:40:34
100,2025-04-10 00:00:00,310.0,163866.12000000002,528.6003870967743,483.38088495575226,91.44542772861357,2025,4,3,100,2,2025-08-17 08:40:34
101,2025-04-11 00:00:00,330.0,173923.99000000002,527.042393939394,513.0501179941003,97.34513274336283,2025,4,4,101,2,2025-08-17 08:40:34
102,2025-04-12 00:00:00,280.0,140609.82,502.1779285714286,414.7782300884956,82.59587020648968,2025,4,5,102,2,2025-08-17 08:40:34
103,2025-04-13 00:00:00,276.0,140179.71,507.8975,413.50946902654863,81.41592920353983,2025,4,6,103,2,2025-08-17 08:40:34
104,2025-04-14 00:00:00,335.0,176551.80999999997,527.0203283582089,520.8017994100294,98.82005899705014,2025,4,0,104,2,2025-08-17 08:40:34
105,2025-04-15 00:00:00,328.0,186867.26000000004,569.7172560975611,551.2308554572272,96.7551622418879,2025,4,1,105,2,2025-08-17 08:40:34
106,2025-04-16 00:00:00,330.0,190770.19999999998,578.0915151515151,562.7439528023598,97.34513274336283,2025,4,2,106,2,2025-08-17 08:40:34
107,2025-04-17 00:00:00,316.0,166529.80999999997,526.9930696202531,491.23837758112086,93.21533923303835,2025,4,3,107,2,2025-08-17 08:40:34
108,2025-04-18 00:00:00,295.0,151359.72000000003,513.0837966101695,446.4888495575222,87.02064896755162,2025,4,4,108,2,2025-08-17 08:40:34
109,2025-04-19 00:00:00,255.0,128029.9,502.07803921568626,377.66932153392327,75.22123893805309,2025,4,5,109,2,2025-08-17 08:40:34
110,2025-04-20 00:00:00,250.0,118295.75000000003,473.1830000000001,348.9550147492626,73.74631268436578,2025,4,6,110,2,2025-08-17 08:40:34
111,2025-04-21 00:00:00,246.0,117064.79000000001,475.87313008130087,345.3238643067847,72.56637168141593,2025,4,0,111,2,2025-08-17 08:40:34
112,2025-04-22 00:00:00,279.0,131438.36,471.10523297491034,387.7237758112094,82.30088495575221,2025,4,1,112,2,2025-08-17 08:40:34
113,2025-04-23 00:00:00,298.0,150795.91,506.0265436241611,444.82569321533924,87.90560471976401,2025,4,2,113,2,2025-08-17 08:40:34
114,2025-04-24 00:00:00,302.0,148281.47,490.9982450331126,437.4084660766962,89.08554572271386,2025,4,3,114,2,2025-08-17 08:40:34
115,2025-04-25 00:00:00,264.0,126073.16,477.5498484848485,371.8972271386431,77.87610619469027,2025,4,4,115,2,2025-08-17 08:40:34
116,2025-04-26 00:00:00,274.0,125519.89000000001,458.10178832116793,370.26516224188794,80.8259587020649,2025,4,5,116,2,2025-08-17 08:40:34
117,2025-04-27 00:00:00,298.0,145343.83000000002,487.73097315436246,428.7428613569322,87.90560471976401,2025,4,6,117,2,2025-08-17 08:40:34
118,2025-04-28 00:00:00,326.0,171099.52000000002,524.8451533742332,504.7183480825959,96.16519174041298,2025,4,0,118,2,2025-08-17 08:40:34
119,2025-04-29 00:00:00,327.0,169800.21,519.2666972477064,500.8855752212389,96.46017699115043,2025,4,1,119,2,2025-08-17 08:40:34
120,2025-04-30 00:00:00,327.0,184204.2,563.3155963302753,543.3752212389381,96.46017699115043,2025,4,2,120,2,2025-08-17 08:40:34
121,2025-05-01 00:00:00,331.0,160197.81,483.9812990936556,472.55991150442475,97.6401179941003,2025,5,3,121,2,2025-08-17 08:40:34
122,2025-05-02 00:00:00,297.0,145372.43,489.46946127946126,428.827227138643,87.61061946902655,2025,5,4,122,2,2025-08-17 08:40:34
123,2025-05-03 00:00:00,280.0,102978.08,367.77885714285713,303.77014749262537,82.59587020648968,2025,5,5,123,2,2025-08-17 08:40:34
124,2025-05-04 00:00:00,235.0,79437.69,338.0327234042553,234.32946902654868,69.32153392330383,2025,5,6,124,2,2025-08-17 08:40:34
125,2025-05-05 00:00:00,296.0,98287.28,332.0516216216216,289.93297935103243,87.31563421828909,2025,5,0,125,2,2025-08-17 08:40:34
126,2025-05-06 00:00:00,312.0,109786.72999999998,351.8805448717948,323.8546607669616,92.03539823008849,2025,5,1,126,2,2025-08-17 08:40:34
127,2025-05-07 00:00:00,308.0,109650.61,356.008474025974,323.4531268436578,90.85545722713864,2025,5,2,127,2,2025-08-17 08:40:34
128,2025-05-08 00:00:00,266.0,91669.92000000001,344.6237593984963,270.4127433628319,78.46607669616519,2025,5,3,128,2,2025-08-17 08:40:34
129,2025-05-09 00:00:00,282.0,87327.82,309.6731205673759,257.6041887905605,83.1858407079646,2025,5,4,129,2,2025-08-17 08:40:34
130,2025-05-10 00:00:00,239.0,72988.06,305.38937238493725,215.30401179941003,70.50147492625368,2025,5,5,130,2,2025-08-17 08:40:34
131,2025-05-11 00:00:00,206.0,65935.4,320.0747572815534,194.49970501474925,60.766961651917406,2025,5,6,131,2,2025-08-17 08:40:34
132,2025-05-12 00:00:00,224.0,78111.11,348.7103125,230.41625368731565,66.07669616519173,2025,5,0,132,2,2025-08-17 08:40:34
133,2025-05-13 00:00:00,238.0,84629.75,355.5871848739496,249.6452802359882,70.20648967551622,2025,5,1,133,2,2025-08-17 08:40:34
134,2025-05-14 00:00:00,245.0,82423.75,336.4234693877551,243.13790560471978,72.27138643067846,2025,5,2,134,2,2025-08-17 08:40:34
135,2025-05-15 00:00:00,221.0,77396.40999999999,350.2099999999999,228.30799410029496,65.19174041297934,2025,5,3,135,2,2025-08-17 08:40:34
136,2025-05-16 00:00:00,207.0,67975.76,328.3853140096618,200.51846607669614,61.06194690265486,2025,5,4,136,2,2025-08-17 08:40:34
137,2025-05-17 00:00:00,207.0,66429.76999999999,320.9167632850241,195.95802359882003,61.06194690265486,2025,5,5,137,2,2025-08-17 08:40:34
138,2025-05-18 00:00:00,181.0,61438.740000000005,339.44055248618787,181.23522123893807,53.392330383480825,2025,5,6,138,2,2025-08-17 08:40:34
139,2025-05-19 00:00:00,198.0,68883.56,347.89676767676764,203.19634218289085,58.4070796460177,2025,5,0,139,2,2025-08-17 08:40:34
140,2025-05-20 00:00:00,236.0,79507.04000000001,336.8942372881356,234.53404129793512,69.6165191740413,2025,5,1,140,2,2025-08-17 08:40:34
141,2025-05-21 00:00:00,236.0,75395.91,319.47419491525426,222.40681415929205,69.6165191740413,2025,5,2,141,2,2025-08-17 08:40:34
142,2025-05-22 00:00:00,232.0,75150.31,323.92375,221.68233038348083,68.43657817109144,2025,5,3,142,2,2025-08-17 08:40:34
143,2025-05-23 00:00:00,164.0,54648.72000000001,333.2239024390244,161.20566371681417,48.37758112094395,2025,5,4,143,2,2025-08-17 08:40:34
144,2025-05-24 00:00:00,162.0,54104.3,333.97716049382717,159.59970501474928,47.78761061946903,2025,5,5,144,2,2025-08-17 08:40:34
145,2025-05-25 00:00:00,207.0,69077.03,333.70545893719805,203.76705014749263,61.06194690265486,2025,5,6,145,2,2025-08-17 08:40:34
146,2025-05-26 00:00:00,220.0,72610.26,330.04663636363637,214.1895575221239,64.89675516224189,2025,5,0,146,2,2025-08-17 08:40:34
147,2025-05-27 00:00:00,249.0,80885.57,324.8416465863454,238.60050147492626,73.45132743362832,2025,5,1,147,2,2025-08-17 08:40:34
148,2025-05-28 00:00:00,235.0,75637.39,321.8612340425532,223.11914454277286,69.32153392330383,2025,5,2,148,2,2025-08-17 08:40:34
149,2025-05-29 00:00:00,222.0,71313.20000000001,321.2306306306307,210.3634218289086,65.48672566371681,2025,5,3,149,2,2025-08-17 08:40:34
150,2025-05-30 00:00:00,203.0,67142.06,330.74906403940884,198.05917404129792,59.882005899705014,2025,5,4,150,2,2025-08-17 08:40:34
151,2025-05-31 00:00:00,152.0,52625.310000000005,346.2191447368421,155.23690265486727,44.83775811209439,2025,5,5,151,2,2025-08-17 08:40:34
152,2025-06-01 00:00:00,141.0,46626.530000000006,330.6846099290781,137.54138643067847,41.5929203539823,2025,6,6,152,2,2025-08-17 08:40:34
153,2025-06-02 00:00:00,147.0,45318.13,308.28659863945575,133.6817994100295,43.36283185840708,2025,6,0,153,2,2025-08-17 08:40:34
154,2025-06-03 00:00:00,164.0,45210.43,275.6733536585366,133.36410029498526,48.37758112094395,2025,6,1,154,2,2025-08-17 08:40:34
155,2025-06-04 00:00:00,186.0,47772.280000000006,256.8402150537635,140.92117994100298,54.86725663716814,2025,6,2,155,2,2025-08-17 08:40:34
156,2025-06-05 00:00:00,243.0,67734.16,278.74139917695476,199.80578171091446,71.68141592920354,2025,6,3,156,2,2025-08-17 08:40:34
157,2025-06-06 00:00:00,265.0,81450.75000000001,307.36132075471704,240.26769911504428,78.17109144542773,2025,6,4,157,2,2025-08-17 08:40:34
158,2025-06-07 00:00:00,256.0,89733.38,350.521015625,264.70023598820063,75.51622418879056,2025,6,5,158,2,2025-08-17 08:40:34
159,2025-06-08 00:00:00,189.0,62896.31999999999,332.78476190476187,185.53486725663714,55.75221238938053,2025,6,6,159,2,2025-08-17 08:40:34
160,2025-06-09 00:00:00,173.0,59343.66,343.026936416185,175.05504424778763,51.03244837758112,2025,6,0,160,2,2025-08-17 08:40:34
161,2025-06-10 00:00:00,154.0,48065.86,312.115974025974,141.787197640118,45.42772861356932,2025,6,1,161,2,2025-08-17 08:40:34
162,2025-06-11 00:00:00,161.0,48096.29,298.7347204968944,141.8769616519174,47.49262536873156,2025,6,2,162,2,2025-08-17 08:40:34
163,2025-06-12 00:00:00,159.0,48441.38,304.66276729559746,142.89492625368732,46.902654867256636,2025,6,3,163,2,2025-08-17 08:40:34
164,2025-06-13 00:00:00,145.0,45177.189999999995,311.56682758620684,133.2660471976401,42.772861356932154,2025,6,4,164,2,2025-08-17 08:40:34
165,2025-06-14 00:00:00,146.0,45628.47,312.52376712328766,134.59725663716816,43.067846607669615,2025,6,5,165,2,2025-08-17 08:40:34
166,2025-06-15 00:00:00,154.0,48307.62,313.68584415584417,142.50035398230088,45.42772861356932,2025,6,6,166,2,2025-08-17 08:40:34
167,2025-06-16 00:00:00,179.0,63996.21,357.5207262569832,188.77938053097344,52.8023598820059,2025,6,0,167,2,2025-08-17 08:40:34
168,2025-06-17 00:00:00,191.0,62680.69,328.17115183246074,184.89879056047198,56.342182890855455,2025,6,1,168,2,2025-08-17 08:40:34
169,2025-06-18 00:00:00,183.0,59171.840000000004,323.3433879781421,174.54820058997052,53.98230088495575,2025,6,2,169,2,2025-08-17 08:40:34
170,2025-06-19 00:00:00,178.0,56334.369999999995,316.4852247191011,166.1780825958702,52.50737463126843,2025,6,3,170,2,2025-08-17 08:40:34
171,2025-06-20 00:00:00,165.0,53396.17999999999,323.6132121212121,157.5108554572271,48.67256637168141,2025,6,4,171,2,2025-08-17 08:40:34
172,2025-06-21 00:00:00,155.0,48195.810000000005,310.94070967741936,142.17053097345135,45.72271386430678,2025,6,5,172,2,2025-08-17 08:40:34
173,2025-06-22 00:00:00,136.0,43572.89,320.38889705882355,128.53359882005898,40.117994100294986,2025,6,6,173,2,2025-08-17 08:40:34
174,2025-06-23 00:00:00,139.0,49387.84999999999,355.3082733812949,145.68687315634216,41.00294985250738,2025,6,0,174,2,2025-08-17 08:40:34
175,2025-06-24 00:00:00,132.0,41669.27,315.67628787878783,122.9182005899705,38.93805309734513,2025,6,1,175,2,2025-08-17 08:40:34
176,2025-06-25 00:00:00,130.0,40338.700000000004,310.29769230769233,118.99321533923305,38.34808259587021,2025,6,2,176,2,2025-08-17 08:40:34
177,2025-06-26 00:00:00,145.0,44997.520000000004,310.32772413793106,132.73604719764012,42.772861356932154,2025,6,3,177,2,2025-08-17 08:40:34
178,2025-06-27 00:00:00,168.0,51075.63,304.02160714285714,150.66557522123892,49.557522123893804,2025,6,4,178,2,2025-08-17 08:40:34
179,2025-06-28 00:00:00,144.0,44781.15000000001,310.9802083333334,132.0977876106195,42.47787610619469,2025,6,5,179,2,2025-08-17 08:40:34
180,2025-06-29 00:00:00,128.0,40446.46000000001,315.98796875000005,119.31109144542775,37.75811209439528,2025,6,6,180,2,2025-08-17 08:40:34
181,2025-06-30 00:00:00,137.0,44103.44,321.9229197080292,130.0986430678466,40.41297935103245,2025,6,0,181,2,2025-08-17 08:40:34
182,2025-07-01 00:00:00,173.0,52600.2,304.04739884393064,155.16283185840706,51.03244837758112,2025,7,1,182,3,2025-08-17 08:40:34
183,2025-07-02 00:00:00,164.0,52792.409999999996,321.9049390243902,155.72982300884954,48.37758112094395,2025,7,2,183,3,2025-08-17 08:40:34
184,2025-07-03 00:00:00,192.0,63453.38,330.4863541666667,187.17811209439526,56.63716814159292,2025,7,3,184,3,2025-08-17 08:40:34
185,2025-07-04 00:00:00,157.0,52469.81000000001,334.20261146496824,154.77820058997054,46.312684365781706,2025,7,4,185,3,2025-08-17 08:40:34
186,2025-07-05 00:00:00,143.0,50174.36,350.8696503496503,148.0069616519174,42.18289085545723,2025,7,5,186,3,2025-08-17 08:40:34
187,2025-07-06 00:00:00,139.0,46323.719999999994,333.2641726618705,136.64814159292033,41.00294985250738,2025,7,6,187,3,2025-08-17 08:40:34
188,2025-07-07 00:00:00,158.0,52199.15,330.3743670886076,153.9797935103245,46.607669616519175,2025,7,0,188,3,2025-08-17 08:40:34
189,2025-07-08 00:00:00,173.0,55471.52999999999,320.6446820809248,163.63283185840706,51.03244837758112,2025,7,1,189,3,2025-08-17 08:40:34
190,2025-07-09 00:00:00,176.0,56364.15,320.2508522727273,166.26592920353983,51.91740412979351,2025,7,2,190,3,2025-08-17 08:40:34
191,2025-07-10 00:00:00,183.0,60254.16,329.2577049180328,177.74088495575222,53.98230088495575,2025,7,3,191,3,2025-08-17 08:40:34
192,2025-07-11 00:00:00,172.0,59270.54,344.5961627906977,174.83935103244838,50.737463126843664,2025,7,4,192,3,2025-08-17 08:40:34
193,2025-07-12 00:00:00,149.0,51041.57,342.5608724832215,150.56510324483776,43.95280235988201,2025,7,5,193,3,2025-08-17 08:40:34
194,2025-07-13 00:00:00,150.0,50067.35999999999,333.78239999999994,147.6913274336283,44.24778761061947,2025,7,6,194,3,2025-08-17 08:40:34
195,2025-07-14 00:00:00,151.0,50710.8,335.8331125827815,149.58938053097347,44.54277286135693,2025,7,0,195,3,2025-08-17 08:40:34
196,2025-07-15 00:00:00,160.0,54595.54000000001,341.22212500000006,161.048790560472,47.1976401179941,2025,7,1,196,3,2025-08-17 08:40:34
197,2025-07-16 00:00:00,157.0,52297.74,333.10662420382164,154.27061946902654,46.312684365781706,2025,7,2,197,3,2025-08-17 08:40:34
198,2025-07-17 00:00:00,153.0,54966.409999999996,359.25758169934636,162.14280235988198,45.13274336283185,2025,7,3,198,3,2025-08-17 08:40:34
199,2025-07-18 00:00:00,152.0,55784.64,367.0042105263158,164.55646017699115,44.83775811209439,2025,7,4,199,3,2025-08-17 08:40:34
200,2025-07-19 00:00:00,158.0,53808.619999999995,340.5608860759493,158.7274926253687,46.607669616519175,2025,7,5,200,3,2025-08-17 08:40:34
201,2025-07-20 00:00:00,144.0,49698.12,345.12583333333333,146.60212389380533,42.47787610619469,2025,7,6,201,3,2025-08-17 08:40:34
202,2025-07-21 00:00:00,156.0,48432.49,310.46467948717947,142.86870206489675,46.017699115044245,2025,7,0,202,3,2025-08-17 08:40:34
203,2025-07-22 00:00:00,155.0,50790.61,327.6813548387097,149.82480825958703,45.72271386430678,2025,7,1,203,3,2025-08-17 08:40:34
204,2025-07-23 00:00:00,173.0,53159.28999999999,307.27913294797685,156.81206489675515,51.03244837758112,2025,7,2,204,3,2025-08-17 08:40:34
205,2025-07-24 00:00:00,172.0,58414.5,339.61918604651163,172.31415929203538,50.737463126843664,2025,7,3,205,3,2025-08-17 08:40:34
206,2025-07-25 00:00:00,167.0,52189.729999999996,312.51335329341316,153.952005899705,49.26253687315634,2025,7,4,206,3,2025-08-17 08:40:34
207,2025-07-26 00:00:00,173.0,55965.490000000005,323.49994219653183,165.08994100294987,51.03244837758112,2025,7,5,207,3,2025-08-17 08:40:34
208,2025-07-27 00:00:00,161.0,51361.59999999999,319.01614906832293,151.50914454277284,47.49262536873156,2025,7,6,208,3,2025-08-17 08:40:34
209,2025-07-28 00:00:00,163.0,51673.25,317.0138036809816,152.42846607669617,48.08259587020649,2025,7,0,209,3,2025-08-17 08:40:34
210,2025-07-29 00:00:00,153.0,48480.590000000004,316.86660130718957,143.01058997050148,45.13274336283185,2025,7,1,210,3,2025-08-17 08:40:34
211,2025-07-30 00:00:00,155.0,52166.46,336.5578064516129,153.8833628318584,45.72271386430678,2025,7,2,211,3,2025-08-17 08:40:34
212,2025-07-31 00:00:00,159.0,52865.63,332.4882389937107,155.9458112094395,46.902654867256636,2025,7,3,212,3,2025-08-17 08:40:34
213,2025-08-01 00:00:00,162.0,57281.68000000001,353.5906172839507,168.97250737463128,47.78761061946903,2025,8,4,213,3,2025-08-17 08:40:34
214,2025-08-02 00:00:00,161.0,56411.909999999996,350.38453416149065,166.40681415929203,47.49262536873156,2025,8,5,214,3,2025-08-17 08:40:34
215,2025-08-03 00:00:00,137.0,46773.17,341.40999999999997,137.9739528023599,40.41297935103245,2025,8,6,215,3,2025-08-17 08:40:34
216,2025-08-04 00:00:00,139.0,46819.96000000001,336.8342446043166,138.11197640117996,41.00294985250738,2025,8,0,216,3,2025-08-17 08:40:34
217,2025-08-05 00:00:00,144.0,46763.450000000004,324.7461805555556,137.9452802359882,42.47787610619469,2025,8,1,217,3,2025-08-17 08:40:34
218,2025-08-06 00:00:00,162.0,54588.85,336.9682098765432,161.02905604719763,47.78761061946903,2025,8,2,218,3,2025-08-17 08:40:34
219,2025-08-07 00:00:00,150.0,51544.4,343.62933333333336,152.04837758112095,44.24778761061947,2025,8,3,219,3,2025-08-17 08:40:34
220,2025-08-08 00:00:00,160.0,56146.8,350.9175,165.62477876106195,47.1976401179941,2025,8,4,220,3,2025-08-17 08:40:34
221,2025-08-09 00:00:00,167.0,60856.12,364.4079041916168,179.51657817109145,49.26253687315634,2025,8,5,221,3,2025-08-17 08:40:34
222,2025-08-10 00:00:00,140.0,48036.64,343.11885714285717,141.7010029498525,41.29793510324484,2025,8,6,222,3,2025-08-17 08:40:34
223,2025-08-11 00:00:00,148.0,48519.43,327.8339864864865,143.1251622418879,43.657817109144545,2025,8,0,223,3,2025-08-17 08:40:34
224,2025-08-12 00:00:00,148.0,48025.159999999996,324.4943243243243,141.66713864306783,43.657817109144545,2025,8,1,224,3,2025-08-17 08:40:34
225,2025-08-13 00:00:00,164.0,53609.32,326.8860975609756,158.13958702064897,48.37758112094395,2025,8,2,225,3,2025-08-17 08:40:34
226,2025-08-14 00:00:00,166.0,55504.86,334.3666265060241,163.73115044247788,48.96755162241888,2025,8,3,226,3,2025-08-17 08:40:34
227,2025-08-15 00:00:00,171.0,58154.67,340.0857894736842,171.54769911504425,50.442477876106196,2025,8,4,227,3,2025-08-17 08:40:34
228,2025-08-16 00:00:00,172.0,56015.65200000001,325.67239534883726,165.2379115044248,50.737463126843664,2025,8,5,228,3,2025-08-17 08:40:34
229,2025-08-17 00:00:00,158.0,49985.66100000001,316.36494303797474,147.45032743362833,46.607669616519175,2025,8,6,229,3,2025-08-17 08:40:34
230,2025-08-18 00:00:00,151.0,47646.77500000001,315.5415562913908,140.55095870206492,44.54277286135693,2025,8,0,230,3,2025-08-17 08:40:34
231,2025-08-19 00:00:00,144.0,47435.872,329.4157777777778,139.92882595870208,42.47787610619469,2025,8,1,231,3,2025-08-17 08:40:34
232,2025-08-20 00:00:00,145.0,44647.625,307.9146551724138,131.70390855457228,42.772861356932154,2025,8,2,232,3,2025-08-17 08:40:34
233,2025-08-21 00:00:00,141.0,43925.002,311.52483687943266,129.5722772861357,41.5929203539823,2025,8,3,233,3,2025-08-17 08:40:34
234,2025-08-22 00:00:00,119.0,41421.336,348.0784537815126,122.18683185840709,35.10324483775811,2025,8,4,234,3,2025-08-17 08:40:34
235,2025-08-23 00:00:00,114.0,40983.723000000005,359.50634210526323,120.89593805309737,33.6283185840708,2025,8,5,235,3,2025-08-17 08:40:34
236,2025-08-24 00:00:00,111.0,38112.767,343.35826126126125,112.4270412979351,32.743362831858406,2025,8,6,236,3,2025-08-17 08:40:34
237,2025-08-25 00:00:00,108.0,36346.937000000005,336.545712962963,107.21810324483778,31.858407079646017,2025,8,0,237,3,2025-08-17 08:40:34
238,2025-08-26 00:00:00,108.0,37630.428,348.4298888888889,111.00421238938053,31.858407079646017,2025,8,1,238,3,2025-08-17 08:40:34
239,2025-08-27 00:00:00,104.0,35011.76800000001,336.65161538461547,103.27955162241891,30.678466076696164,2025,8,2,239,3,2025-08-17 08:40:34
240,2025-08-28 00:00:00,96.0,32221.497000000003,335.64059375000005,95.04866371681416,28.31858407079646,2025,8,3,240,3,2025-08-17 08:40:34
241,2025-08-29 00:00:00,96.0,33734.294,351.39889583333337,99.51119174041298,28.31858407079646,2025,8,4,241,3,2025-08-17 08:40:34
242,2025-08-30 00:00:00,96.0,32727.233,340.9086770833333,96.54051032448378,28.31858407079646,2025,8,5,242,3,2025-08-17 08:40:34
243,2025-08-31 00:00:00,82.0,27286.281000000003,332.75952439024394,80.49050442477876,24.188790560471976,2025,8,6,243,3,2025-08-17 08:40:34
244,2025-09-01 00:00:00,83.0,27493.906000000003,331.2518795180723,81.10296755162243,24.48377581120944,2025,9,0,244,3,2025-08-17 08:40:34
245,2025-09-02 00:00:00,79.0,27148.616,343.65336708860764,80.08441297935104,23.303834808259587,2025,9,1,245,3,2025-08-17 08:40:34
246,2025-09-03 00:00:00,79.0,26733.960000000006,338.4045569620254,78.86123893805312,23.303834808259587,2025,9,2,246,3,2025-08-17 08:40:34
247,2025-09-04 00:00:00,83.0,28381.133,341.9413614457832,83.72015634218289,24.48377581120944,2025,9,3,247,3,2025-08-17 08:40:34
248,2025-09-05 00:00:00,92.0,32201.532000000003,350.0166521739131,94.98976991150444,27.13864306784661,2025,9,4,248,3,2025-08-17 08:40:34
249,2025-09-06 00:00:00,106.0,37918.012,357.7170943396227,111.85254277286137,31.268436578171094,2025,9,5,249,3,2025-08-17 08:40:34
250,2025-09-07 00:00:00,142.0,52032.882000000005,366.4287464788733,153.48932743362835,41.88790560471977,2025,9,6,250,3,2025-08-17 08:40:34
251,2025-09-08 00:00:00,126.0,43655.634,346.4732857142857,128.7776814159292,37.16814159292036,2025,9,0,251,3,2025-08-17 08:40:34
252,2025-09-09 00:00:00,128.0,44171.435,345.0893359375,130.29921828908553,37.75811209439528,2025,9,1,252,3,2025-08-17 08:40:34
253,2025-09-10 00:00:00,120.0,42245.313,352.044275,124.61744247787611,35.39823008849557,2025,9,2,253,3,2025-08-17 08:40:34
254,2025-09-11 00:00:00,102.0,35450.921,347.55804901960784,104.57498820058997,30.08849557522124,2025,9,3,254,3,2025-08-17 08:40:34
255,2025-09-12 00:00:00,68.0,21819.853000000003,320.88019117647065,64.36534808259587,20.058997050147493,2025,9,4,255,3,2025-08-17 08:40:34
256,2025-09-13 00:00:00,59.0,18852.328,319.53098305084745,55.61158702064897,17.404129793510325,2025,9,5,256,3,2025-08-17 08:40:34
257,2025-09-14 00:00:00,60.0,18764.658000000003,312.74430000000007,55.35297345132744,17.699115044247787,2025,9,6,257,3,2025-08-17 08:40:34
258,2025-09-15 00:00:00,62.0,18988.31,306.2630645161291,56.01271386430679,18.289085545722713,2025,9,0,258,3,2025-08-17 08:40:34
259,2025-09-16 00:00:00,63.0,18991.345999999998,301.44993650793646,56.02166961651917,18.58407079646018,2025,9,1,259,3,2025-08-17 08:40:34
260,2025-09-17 00:00:00,65.0,19874.481,305.7612461538462,58.626787610619466,19.174041297935105,2025,9,2,260,3,2025-08-17 08:40:34
261,2025-09-18 00:00:00,66.0,19829.612,300.44866666666667,58.49443067846608,19.469026548672566,2025,9,3,261,3,2025-08-17 08:40:34
262,2025-09-19 00:00:00,72.0,21324.237,296.16995833333334,62.903353982300885,21.238938053097346,2025,9,4,262,3,2025-08-17 08:40:34
263,2025-09-20 00:00:00,67.0,19569.363000000005,292.08004477611945,57.72673451327435,19.76401179941003,2025,9,5,263,3,2025-08-17 08:40:34
264,2025-09-21 00:00:00,63.0,18375.071000000004,291.6677936507937,54.20374926253688,18.58407079646018,2025,9,6,264,3,2025-08-17 08:40:34
265,2025-09-22 00:00:00,80.0,22196.911,277.4613875,65.47761356932153,23.59882005899705,2025,9,0,265,3,2025-08-17 08:40:34
266,2025-09-23 00:00:00,64.0,19167.599000000002,299.49373437500003,56.541589970501484,18.87905604719764,2025,9,1,266,3,2025-08-17 08:40:34
267,2025-09-24 00:00:00,64.0,18548.244,289.8163125,54.714584070796455,18.87905604719764,2025,9,2,267,3,2025-08-17 08:40:34
268,2025-09-25 00:00:00,62.0,18256.183,294.45456451612904,53.85304719764012,18.289085545722713,2025,9,3,268,3,2025-08-17 08:40:34
269,2025-09-26 00:00:00,59.0,17868.499,302.8559152542373,52.70943657817109,17.404129793510325,2025,9,4,269,3,2025-08-17 08:40:34
270,2025-09-27 00:00:00,72.0,20668.659,287.06470833333333,60.96949557522124,21.238938053097346,2025,9,5,270,3,2025-08-17 08:40:34
271,2025-09-28 00:00:00,69.0,19732.075,285.9721014492754,58.20671091445428,20.353982300884958,2025,9,6,271,3,2025-08-17 08:40:34
272,2025-09-29 00:00:00,70.0,20643.502,294.9071714285714,60.89528613569322,20.64896755162242,2025,9,0,272,3,2025-08-17 08:40:34
273,2025-09-30 00:00:00,64.0,19474.708000000006,304.2923125000001,57.44751622418881,18.87905604719764,2025,9,1,273,3,2025-08-17 08:40:34
274,2025-10-01 00:00:00,42.0,17142.565000000002,408.15630952380957,50.5680383480826,12.389380530973451,2025,10,2,274,4,2025-08-17 08:40:34
275,2025-10-02 00:00:00,44.0,18139.517,412.26175,53.50889970501475,12.979351032448378,2025,10,3,275,4,2025-08-17 08:40:34
276,2025-10-03 00:00:00,43.0,17432.381999999998,405.4042325581395,51.42295575221238,12.684365781710916,2025,10,4,276,4,2025-08-17 08:40:34
277,2025-10-04 00:00:00,41.0,16250.366,396.35039024390244,47.936182890855456,12.094395280235988,2025,10,5,277,4,2025-08-17 08:40:34
278,2025-10-05 00:00:00,44.0,16927.306,384.7115,49.93305604719764,12.979351032448378,2025,10,6,278,4,2025-08-17 08:40:34
279,2025-10-06 00:00:00,63.0,23819.675000000003,378.0900793650794,70.26452802359883,18.58407079646018,2025,10,0,279,4,2025-08-17 08:40:34
280,2025-10-07 00:00:00,60.0,23170.103000000003,386.1683833333334,68.34838643067847,17.699115044247787,2025,10,1,280,4,2025-08-17 08:40:34
281,2025-10-08 00:00:00,44.0,18939.921000000002,430.45275000000004,55.86997345132744,12.979351032448378,2025,10,2,281,4,2025-08-17 08:40:34
282,2025-10-09 00:00:00,45.0,19649.157,436.6479333333333,57.96211504424779,13.274336283185843,2025,10,3,282,4,2025-08-17 08:40:34
283,2025-10-10 00:00:00,49.0,21265.409,433.9879387755102,62.72982005899705,14.454277286135694,2025,10,4,283,4,2025-08-17 08:40:34
284,2025-10-11 00:00:00,45.0,19330.025,429.55611111111114,57.02072271386431,13.274336283185843,2025,10,5,284,4,2025-08-17 08:40:34
285,2025-10-12 00:00:00,38.0,16802.698,442.17626315789477,49.5654808259587,11.209439528023598,2025,10,6,285,4,2025-08-17 08:40:34
286,2025-10-13 00:00:00,40.0,17532.46,438.31149999999997,51.71817109144543,11.799410029498524,2025,10,0,286,4,2025-08-17 08:40:34
287,2025-10-14 00:00:00,40.0,16772.899,419.32247500000005,49.47757817109145,11.799410029498524,2025,10,1,287,4,2025-08-17 08:40:34
288,2025-10-15 00:00:00,42.0,18067.467,430.17778571428573,53.29636283185841,12.389380530973451,2025,10,2,288,4,2025-08-17 08:40:34
289,2025-10-16 00:00:00,56.0,25368.849000000002,453.01516071428574,74.83436283185841,16.519174041297934,2025,10,3,289,4,2025-08-17 08:40:34
290,2025-10-17 00:00:00,58.0,28333.745000000003,488.51284482758626,83.58036873156342,17.10914454277286,2025,10,4,290,4,2025-08-17 08:40:34
291,2025-10-18 00:00:00,64.0,28742.604,449.1031875,84.78644247787611,18.87905604719764,2025,10,5,291,4,2025-08-17 08:40:34
292,2025-10-19 00:00:00,65.0,29921.441,460.3298615384615,88.26383775811209,19.174041297935105,2025,10,6,292,4,2025-08-17 08:40:34
293,2025-10-20 00:00:00,57.0,25792.437000000005,452.4988947368422,76.08388495575223,16.8141592920354,2025,10,0,293,4,2025-08-17 08:40:34
294,2025-10-21 00:00:00,115.0,54019.33900000001,469.7333826086957,159.34908259587021,33.92330383480826,2025,10,1,294,4,2025-08-17 08:40:34
295,2025-10-22 00:00:00,116.0,54877.350000000006,473.0806034482759,161.88008849557525,34.21828908554572,2025,10,2,295,4,2025-08-17 08:40:34
296,2025-10-23 00:00:00,111.0,51524.770000000004,464.18711711711717,151.99047197640118,32.743362831858406,2025,10,3,296,4,2025-08-17 08:40:34
297,2025-10-24 00:00:00,63.0,29987.628,475.99409523809527,88.4590796460177,18.58407079646018,2025,10,4,297,4,2025-08-17 08:40:34
298,2025-10-25 00:00:00,64.0,30330.3,473.9109375,89.46991150442477,18.87905604719764,2025,10,5,298,4,2025-08-17 08:40:34
299,2025-10-26 00:00:00,73.0,34775.499,476.376698630137,102.58259292035399,21.533923303834808,2025,10,6,299,4,2025-08-17 08:40:34
300,2025-10-27 00:00:00,81.0,39479.96800000001,487.4070123456791,116.46008259587023,23.893805309734514,2025,10,0,300,4,2025-08-17 08:40:34
301,2025-10-28 00:00:00,78.0,38060.48400000001,487.9549230769232,112.27281415929207,23.008849557522122,2025,10,1,301,4,2025-08-17 08:40:34
302,2025-10-29 00:00:00,70.0,33316.228,475.9461142857143,98.27795870206491,20.64896755162242,2025,10,2,302,4,2025-08-17 08:40:34
303,2025-10-30 00:00:00,91.0,39018.98000000001,428.78000000000014,115.10023598820062,26.843657817109147,2025,10,3,303,4,2025-08-17 08:40:34
304,2025-10-31 00:00:00,87.0,37053.77500000001,425.90545977011504,109.30317109144545,25.663716814159294,2025,10,4,304,4,2025-08-17 08:40:34
305,2025-11-01 00:00:00,88.0,38856.96100000001,441.5563750000001,114.62230383480829,25.958702064896755,2025,11,5,305,4,2025-08-17 08:40:34
306,2025-11-02 00:00:00,84.0,36040.796,429.05709523809526,106.3150324483776,24.778761061946902,2025,11,6,306,4,2025-08-17 08:40:34
307,2025-11-03 00:00:00,61.0,29681.124000000003,486.57580327868857,87.55493805309736,17.99410029498525,2025,11,0,307,4,2025-08-17 08:40:34
308,2025-11-04 00:00:00,57.0,26815.679000000004,470.4505087719299,79.10229793510325,16.8141592920354,2025,11,1,308,4,2025-08-17 08:40:34
309,2025-11-05 00:00:00,60.0,26844.201999999997,447.4033666666666,79.18643657817108,17.699115044247787,2025,11,2,309,4,2025-08-17 08:40:34
310,2025-11-06 00:00:00,57.0,24993.155,438.4764035087719,73.7261209439528,16.8141592920354,2025,11,3,310,4,2025-08-17 08:40:34
311,2025-11-07 00:00:00,44.0,17774.108,403.957,52.4309970501475,12.979351032448378,2025,11,4,311,4,2025-08-17 08:40:34
312,2025-11-08 00:00:00,52.0,22935.176,441.06107692307694,67.65538643067846,15.339233038348082,2025,11,5,312,4,2025-08-17 08:40:34
313,2025-11-09 00:00:00,49.0,22568.304000000004,460.5776326530613,66.57316814159293,14.454277286135694,2025,11,6,313,4,2025-08-17 08:40:34
314,2025-11-10 00:00:00,47.0,21989.429,467.8601914893617,64.86557227138643,13.864306784660767,2025,11,0,314,4,2025-08-17 08:40:34
315,2025-11-11 00:00:00,43.0,20479.943,476.2777441860465,60.412811209439525,12.684365781710916,2025,11,1,315,4,2025-08-17 08:40:34
316,2025-11-12 00:00:00,40.0,18136.800000000003,453.4200000000001,53.50088495575222,11.799410029498524,2025,11,2,316,4,2025-08-17 08:40:34
317,2025-11-13 00:00:00,40.0,17800.574,445.01435000000004,52.50906784660767,11.799410029498524,2025,11,3,317,4,2025-08-17 08:40:34
318,2025-11-14 00:00:00,58.0,27194.222,468.8658965517242,80.21894395280236,17.10914454277286,2025,11,4,318,4,2025-08-17 08:40:34
319,2025-11-15 00:00:00,50.0,22395.516000000003,447.91032000000007,66.06346902654869,14.749262536873156,2025,11,5,319,4,2025-08-17 08:40:34
320,2025-11-16 00:00:00,99.0,45200.078,456.56644444444447,133.3335634218289,29.20353982300885,2025,11,6,320,4,2025-08-17 08:40:34
321,2025-11-17 00:00:00,101.0,47432.627,469.62997029702973,139.91925368731563,29.793510324483773,2025,11,0,321,4,2025-08-17 08:40:34
322,2025-11-18 00:00:00,101.0,47822.687,473.4919504950495,141.06987315634217,29.793510324483773,2025,11,1,322,4,2025-08-17 08:40:34
323,2025-11-19 00:00:00,104.0,49683.248999999996,477.72354807692307,146.55825663716814,30.678466076696164,2025,11,2,323,4,2025-08-17 08:40:34
324,2025-11-20 00:00:00,104.0,49349.311,474.5126057692308,145.57318879056047,30.678466076696164,2025,11,3,324,4,2025-08-17 08:40:34
325,2025-11-21 00:00:00,90.0,40120.509,445.78343333333333,118.34958407079645,26.548672566371685,2025,11,4,325,4,2025-08-17 08:40:34
326,2025-11-22 00:00:00,34.0,13635.776000000002,401.0522352941177,40.223528023598824,10.029498525073747,2025,11,5,326,4,2025-08-17 08:40:34
327,2025-11-23 00:00:00,31.0,12360.546,398.72729032258064,36.46178761061947,9.144542772861357,2025,11,6,327,4,2025-08-17 08:40:34
328,2025-11-24 00:00:00,30.0,12477.465,415.9155,36.806681415929205,8.849557522123893,2025,11,0,328,4,2025-08-17 08:40:34
329,2025-11-25 00:00:00,30.0,13187.328000000001,439.5776,38.90067256637168,8.849557522123893,2025,11,1,329,4,2025-08-17 08:40:34
330,2025-11-26 00:00:00,30.0,12413.918,413.79726666666664,36.61922713864307,8.849557522123893,2025,11,2,330,4,2025-08-17 08:40:34
331,2025-11-27 00:00:00,31.0,13099.999,422.5806129032258,38.64306489675516,9.144542772861357,2025,11,3,331,4,2025-08-17 08:40:34
332,2025-11-28 00:00:00,36.0,14239.621000000001,395.5450277777778,42.00478171091446,10.619469026548673,2025,11,4,332,4,2025-08-17 08:40:34
333,2025-11-29 00:00:00,37.0,14588.849,394.2932162162162,43.03495280235988,10.914454277286136,2025,11,5,333,4,2025-08-17 08:40:34
334,2025-11-30 00:00:00,37.0,14651.901000000002,395.9973243243244,43.22094690265487,10.914454277286136,2025,11,6,334,4,2025-08-17 08:40:34
335,2025-12-01 00:00:00,28.0,11887.37,424.5489285714286,35.06598820058997,8.259587020648967,2025,12,0,335,4,2025-08-17 08:40:34
336,2025-12-02 00:00:00,28.0,12086.624,431.6651428571428,35.653758112094394,8.259587020648967,2025,12,1,336,4,2025-08-17 08:40:34
337,2025-12-03 00:00:00,30.0,13841.685000000001,461.38950000000006,40.830929203539824,8.849557522123893,2025,12,2,337,4,2025-08-17 08:40:34
338,2025-12-04 00:00:00,38.0,16536.773,435.17823684210526,48.781041297935104,11.209439528023598,2025,12,3,338,4,2025-08-17 08:40:34
339,2025-12-05 00:00:00,41.0,17747.4,432.86341463414635,52.35221238938053,12.094395280235988,2025,12,4,339,4,2025-08-17 08:40:34
340,2025-12-06 00:00:00,40.0,16809.628000000004,420.2407000000001,49.58592330383482,11.799410029498524,2025,12,5,340,4,2025-08-17 08:40:34
341,2025-12-07 00:00:00,37.0,14593.876,394.4290810810811,43.04978171091445,10.914454277286136,2025,12,6,341,4,2025-08-17 08:40:34
342,2025-12-08 00:00:00,31.0,11749.133000000002,379.0042903225807,34.65820943952803,9.144542772861357,2025,12,0,342,4,2025-08-17 08:40:34
343,2025-12-09 00:00:00,27.0,10762.840000000002,398.62370370370377,31.74879056047198,7.964601769911504,2025,12,1,343,4,2025-08-17 08:40:34
344,2025-12-10 00:00:00,30.0,12060.631000000001,402.0210333333334,35.57708259587021,8.849557522123893,2025,12,2,344,4,2025-08-17 08:40:34
345,2025-12-11 00:00:00,29.0,12411.454000000002,427.98117241379316,36.6119587020649,8.55457227138643,2025,12,3,345,4,2025-08-17 08:40:34
346,2025-12-12 00:00:00,31.0,13436.522,433.4361935483871,39.6357581120944,9.144542772861357,2025,12,4,346,4,2025-08-17 08:40:34
347,2025-12-13 00:00:00,31.0,13141.502,423.91941935483874,38.76549262536873,9.144542772861357,2025,12,5,347,4,2025-08-17 08:40:34
348,2025-12-14 00:00:00,27.0,10708.720000000001,396.6192592592593,31.589144542772864,7.964601769911504,2025,12,6,348,4,2025-08-17 08:40:34
349,2025-12-15 00:00:00,25.0,10019.306,400.77224,29.555474926253687,7.374631268436578,2025,12,0,349,4,2025-08-17 08:40:34
350,2025-12-16 00:00:00,25.0,11496.034,459.84136,33.911604719764014,7.374631268436578,2025,12,1,350,4,2025-08-17 08:40:34
351,2025-12-17 00:00:00,25.0,11428.010000000002,457.1204000000001,33.71094395280237,7.374631268436578,2025,12,2,351,4,2025-08-17 08:40:34
352,2025-12-18 00:00:00,29.0,13549.778000000002,467.2337241379311,39.96984660766962,8.55457227138643,2025,12,3,352,4,2025-08-17 08:40:34
353,2025-12-19 00:00:00,45.0,21082.600000000002,468.50222222222226,62.190560471976404,13.274336283185843,2025,12,4,353,4,2025-08-17 08:40:34
354,2025-12-20 00:00:00,40.0,18495.609000000004,462.3902250000001,54.55931858407081,11.799410029498524,2025,12,5,354,4,2025-08-17 08:40:34
355,2025-12-21 00:00:00,41.0,20120.870000000003,490.75292682926835,59.353598820059005,12.094395280235988,2025,12,6,355,4,2025-08-17 08:40:34
356,2025-12-22 00:00:00,44.0,22379.511000000002,508.62525000000005,66.01625663716815,12.979351032448378,2025,12,0,356,4,2025-08-17 08:40:34
357,2025-12-23 00:00:00,51.0,26748.942000000003,524.4890588235295,78.90543362831859,15.04424778761062,2025,12,1,357,4,2025-08-17 08:40:34
358,2025-12-24 00:00:00,60.0,33977.218,566.2869666666667,100.22778171091446,17.699115044247787,2025,12,2,358,4,2025-08-17 08:40:34
359,2025-12-25 00:00:00,59.0,33934.417,575.1596101694915,100.10152507374632,17.404129793510325,2025,12,3,359,4,2025-08-17 08:40:34
360,2025-12-26 00:00:00,61.0,40886.60400000001,670.2721967213116,120.60945132743365,17.99410029498525,2025,12,4,360,4,2025-08-17 08:40:34
361,2025-12-27 00:00:00,68.0,46931.91800000001,690.1752647058826,138.44223598820062,20.058997050147493,2025,12,5,361,4,2025-08-17 08:40:34
362,2025-12-28 00:00:00,67.0,48868.171,729.3756865671642,144.15389675516224,19.76401179941003,2025,12,6,362,4,2025-08-17 08:40:34
363,2025-12-29 00:00:00,69.0,77134.178,1117.8866376811595,227.53444837758113,20.353982300884958,2025,12,0,363,4,2025-08-17 08:40:34
364,2025-12-30 00:00:00,63.0,69519.065,1103.4772222222223,205.07098820058997,18.58407079646018,2025,12,1,364,4,2025-08-17 08:40:34
365,2025-12-31 00:00:00,60.0,78672.81399999998,1311.2135666666663,232.07319764011794,17.699115044247787,2025,12,2,365,4,2025-08-17 08:40:34
