Month,Index_Month_segment,Segment,Daily_Pick_up_Rooms,Daily_Pick_up_Revenue,Daily_Pick_up_ADR,Daily_Pick_up_Share,Dis_Daily,Month_to_Date_Rooms,Month_to_Date_Revenue,Month_to_Date_ADR,Month_to_Date_Share,Dis_MTD,Business_on_the_Books_Rooms,Business_on_the_Books_Revenue,Business_on_the_Books_ADR,Business_on_the_Books_Share_per_Segment,Dis_BOB,Business_on_the_Books_Same_Time_Last_Year_Rooms,Business_on_the_Books_Same_Time_Last_Year_Revenue,Business_on_the_Books_Same_Time_Last_Year_ADR,Business_on_the_Books_Same_Time_Last_Year_Share_per_Segment,Dis_BOB_STLY,Full_Month_Last_Year_Rooms,Full_Month_Last_Year_Revenue,Full_Month_Last_Year_ADR,Full_Month_Last_Year_Share_per_Segment,Dis_Full_Month,Budget_This_Year_Rooms,Budget_This_Year_Revenue,Budget_This_Year_ADR,Budget_This_Year_Share_per_Segment,Dis_Budget,Forecast_This_Year_Rooms,Forecast_This_Year_Revenue,Forecast_This_Year_ADR,Forecast_This_Year_Share_per_Segment,Dis_Forecast,Year_On_Year_Pace_for_rooms,Year_On_Year_Pace_Revenue,Year_On_Year_Pace_for_ADR,Year_on_Year_Rooms,Year_on_Year_Revenue,Year_on_Year_ADR,Delta_to_Budget_Rooms,Delta_to_Budget_Revenue,Delta_to_Budget_ADR,Delta_to_Forecast_Rooms,Delta_to_Forecast_Revenue,Delta_to_Forecast_ADR,MergedSegment
2025-01-01,JanuaryUnmanaged/ Leisure - Pre,Unmanaged/ Leisure - Pre,0,0,,0,,234,144388.54499999993,617.0450641025637,0.0790357804090072,,409,267201.61999999994,653.304694376528,0.06107047556890892,,316,214943.94999999995,680.2023734177213,0.05367026408876032,,317,215901.77999999997,681.078170347003,0.053801790306472544,,400,275400,688.5,0.06239549773663391,,0,0,,0,,93,52257.669999999984,-26.897679041193328,92,51299.83999999997,-27.773475970475033,9,-8198.380000000063,-35.195305623471995,409,267201.61999999994,,Retail
2025-01-01,JanuaryUnmanaged/ Leisure - Dis,Unmanaged/ Leisure - Dis,0,0,,0,,206,146362.56,710.4978640776699,0.08011632191639681,0.15145214735819137,401,246703.56999999998,615.2208728179551,0.05638552769420939,-0.05829411894080707,349,225886.21999999988,647.2384527220627,0.05640248577088031,-0.04846193130733914,354,230512.11000000002,651.1641525423729,0.05744262138701467,-0.0439215630555142,410,270600,660,0.0613079945081087,-0.04139433551198257,0,0,,0,,52,20817.350000000093,-32.017579904107606,47,16191.459999999963,-35.943279724417835,-9,-23896.430000000022,-44.77912718204493,401,246703.56999999998,,Retail
2025-01-01,JanuaryPackage,Package,0,0,,0,,499,375530.4670000002,752.5660661322648,0.20555885182376452,0.21962901887369302,1188,927189.1900000002,780.4622811447813,0.2119144516251491,0.19463749130044797,898,635647.1899999995,707.8476503340752,0.15871743565975405,0.040642723396345046,898,635647.1900000001,707.8476503340758,0.15840053206267463,0.03930456319490303,920,657700,714.8913043478261,0.14901059862521468,0.03833159672886873,0,0,,0,,290,291542.0000000007,72.6146308107061,290,291542.0000000001,72.61463081070553,268,269489.1900000002,65.57097679695516,1188,927189.1900000002,,Retail
2025-01-01,JanuaryThird Party Intermediary,Third Party Intermediary,0,0,,0,,390,270338.0999999999,693.1746153846152,0.14797837811710224,0.123377619741234,937,610771.82,651.8375880469583,0.1395954317623076,-0.0022456693518325107,438,265477.1349999998,606.1121803652962,0.06628810880686554,-0.10892374967784083,439,266184.47,606.3427562642369,0.06633201929960714,-0.10973103725331436,460,282100,613.2608695652174,0.063913470993117,-0.1092797827665688,0,0,,0,,499,345294.6850000002,45.72540768166209,498,344587.35,45.49483178272146,477,328671.81999999995,38.576718481740954,937,610771.82,,Retail
2025-01-01,JanuaryManaged Corporate - Global,Managed Corporate - Global,0,0,,0,,122,70316.408,576.3639999999999,0.03848997980995071,-0.06592883805290746,175,93260.59999999999,532.9177142857143,0.021315249487790486,-0.18427386352351763,198,99109.49999999987,500.55303030302963,0.024747070288347196,-0.2641116087437799,201,101430.19,504.62781094527367,0.02527596489999142,-0.2590750475996456,270,137700,510,0.031197748868316954,-0.25925925925925924,0,0,,0,,-23,-5848.899999999878,32.36468398268465,-26,-8169.590000000011,28.289903340440617,-95,-44439.40000000001,22.917714285714283,175,93260.59999999999,,Corporate
2025-01-01,JanuaryManaged Corporate - Local,Managed Corporate - Local,0,0,,0,,370,208536.62300000002,563.6124945945946,0.1141493235676274,-0.0865942742539914,580,317161.94,546.8309310344828,0.07248919564244319,-0.16297719005931366,889,487191.71799999976,548.0221799775026,0.12164896088918455,-0.19432480480194556,889,487191.86000000004,548.0223397075366,0.12140610554827448,-0.19536058624764865,1260,694500,551.1904761904761,0.15734812337724127,-0.1994328595635786,0,0,,0,,-309,-170029.77799999976,-1.1912489430197866,-309,-170029.92000000004,-1.191408673053843,-680,-377338.06,-4.3595451559933736,580,317161.94,,Corporate
2025-01-01,JanuaryGovernment,Government,0,0,,0,,0,0,,0,,0,0,,0,,0,0,,0,,0,0,,0,,0,0,,0,,0,0,,0,,0,0,,0,0,,0,0,,0,0,,Corporate
2025-01-01,JanuaryWholesale Fixed Value,Wholesale Fixed Value,0,0,,0,,795,328802.7690000001,413.5883886792454,0.17998092195303678,-0.32972741742813827,1954,888598.6100000001,454.75875639713416,0.2030943513836909,-0.3039101657900581,1338,577816.8979999995,431.85119431988,0.14427754542804422,-0.36511366146810775,1338,579594.89,433.1800373692078,0.14443254119759005,-0.363978973003192,1040,458440,440.8076923076923,0.10386562085106191,-0.3597564381878107,0,0,,0,,616,310781.71200000064,22.90756207725417,616,309003.7200000001,21.578719027926354,914,430158.6100000001,13.951064089441843,1954,888598.6100000001,,Leisure
2025-01-01,JanuaryCorporate group,Corporate group,0,0,,0,,127,61903.61,487.43,0.03388496037885017,-0.21005769536634594,410,181404.16,442.44917073170734,0.041460969889997104,-0.3227521942820993,859,439054.65799999953,511.12300116414383,0.1096294147579419,-0.2485721586121894,854,436601.20999999996,511.2426346604215,0.10879913425434559,-0.24936276492322737,918,480016,522.8932461873638,0.10875394786328271,-0.24053268527616,0,0,,0,,-449,-257650.49799999953,-68.67383043243649,-444,-255197.04999999996,-68.79346392871417,-508,-298611.83999999997,-80.4440754556565,410,181404.16,,Groups
2025-01-01,JanuaryCovention,Covention,0,0,,0,,-13,-5623.289999999999,432.56076923076915,-0.003078091226808652,-0.29898026190374005,27,16286.710000000001,603.2114814814815,0.0037224217620870147,-0.07667664617480241,0,0,,0,,0,0,,0,,0,0,,0,,0,0,,0,,27,16286.710000000001,,27,16286.710000000001,,27,16286.710000000001,,27,16286.710000000001,,Groups
2025-01-01,JanuaryAssociation,Association,0,0,,0,,0,0,,0,,0,0,,0,,0,0,,0,,0,0,,0,,0,0,,0,,0,0,,0,,0,0,,0,0,,0,0,,0,0,,Groups
2025-01-01,JanuaryAD Hoc Group,AD Hoc Group,0,0,,0,,86,36380.880000000005,423.0334883720931,0.019914261500221114,-0.3144204321813075,254,107194.56,422.02582677165356,0.024499936630623508,-0.3540137849852619,712,331947.06499999954,466.2177879213477,0.08288526679647819,-0.3145895895969814,711,331766.54,466.61960618846695,0.08267478765475643,-0.3148809835576898,720,339150,471.0416666666667,0.07683889999048435,-0.31584362139917693,0,0,,0,,-458,-224752.50499999954,-44.19196114969412,-457,-224571.97999999998,-44.59377941681339,-466,-231955.44,-49.01583989501313,254,107194.56,,Groups
2025-01-01,JanuaryTour Group,Tour Group,0,0,,0,,292,124782.31999999996,427.336712328767,0.06830367355281868,-0.30744651049062416,374,160153.83999999997,428.2188235294117,0.03660408635616411,-0.34453429278037534,175,55848.74499999985,319.1356857142849,0.013945109379332729,-0.53082244610414,175,55848.75000000001,319.1357142857143,0.013917267084961549,-0.5314257185439998,180,58284,323.8,0.013205007952367358,-0.5297022512708787,0,0,,0,,199,104305.09500000012,109.0831378151268,199,104305.08999999997,109.08310924369738,194,101869.83999999997,104.41882352941167,374,160153.83999999997,,Groups
2025-01-01,JanuaryContract,Contract,0,0,,0,,129,64784.48700000002,502.2053255813955,0.03546190238596965,-0.18611240118773534,1432,559000.66,390.3635893854749,0.12776283373406933,-0.4024785176876575,1644,671975.231999999,408.74405839416,0.16778833813441105,-0.39908463367982866,1643,671526.2699999999,408.7195800365185,0.1673414437056872,-0.39989329003412394,1829,759890,415.4674685620558,0.17216308923417117,-0.3965614109483576,0,0,,0,,-212,-112974.571999999,-18.38046900868511,-211,-112525.60999999987,-18.355990651043612,-397,-200889.33999999997,-25.103879176580904,1432,559000.66,,Contract
2025-01-01,JanuaryComplimentary,Complimentary,0,0,,0,,37,372.1999999999999,10.059459459459456,0.00020373581206343264,-0.9836973666192597,37,372.1999999999999,10.059459459459456,8.506846255927602e-05,-0.9846021932093116,0,0,,0,,111,705.4399999999991,6.355315315315307,0.0001757925986242353,-0.9906687431898201,0,0,,0,,0,0,,0,,37,372.1999999999999,,-74,-333.23999999999927,3.7041441441441485,37,372.1999999999999,,37,372.1999999999999,,Complimentary
2025-02-01,FebruaryUnmanaged/ Leisure - Pre,Unmanaged/ Leisure - Pre,0,0,,0,,378,363045.99,960.4391269841269,0.13075152208049637,,492,442975.94999999995,900.3576219512195,0.08373045476469401,,278,202506,728.4388489208633,0.044111852144066564,,280,205490.75000000003,733.8955357142859,0.044468328582419725,,506.87280000000004,373058.38080000004,736,0.08029090909090908,,0,0,,0,,214,240469.94999999995,171.9187730303562,212,237485.19999999992,166.4620862369336,-14.87280000000004,69917.56919999991,164.35762195121947,492,442975.94999999995,,Retail
2025-02-01,FebruaryUnmanaged/ Leisure - Dis,Unmanaged/ Leisure - Dis,0,0,,0,,165,164145.744,994.822690909091,0.059117319739671284,0.0357998367194096,239,200885.94,840.5269456066945,0.03797107069138412,-0.06645212400697209,434,304111,700.7165898617511,0.06624445432423842,-0.03805708481937908,434,305876.04000000004,704.7835023041475,0.06619176898332094,-0.03966781645810691,591.3516000000001,417494.2296000001,706,0.08985454545454545,-0.04076086956521739,0,0,,0,,-195,-103225.06,139.81035574494342,-195,-104990.10000000003,135.743443302547,-352.3516000000001,-216608.28960000008,134.52694560669454,239,200885.94,,Retail
2025-02-01,FebruaryPackage,Package,0,0,,0,,641,658074.813,1026.6377737909515,0.2370065661449339,0.06892539563094943,1046,1019928.69,975.0752294455067,0.19278494248109546,0.08298658852063936,995,864378,868.721608040201,0.188287332388097,0.19258000767965336,998,871617.5799999998,873.3643086172343,0.18861859692299288,0.19003899889812828,1013.7456000000001,861683.7600000001,850,0.18545454545454546,0.15489130434782608,0,0,,0,,51,155550.68999999994,106.35362140530572,48,148311.1100000001,101.71092082827238,32.25439999999992,158244.92999999982,125.0752294455067,1046,1019928.69,,Retail
2025-02-01,FebruaryThird Party Intermediary,Third Party Intermediary,0,0,,0,,613,556774.6379999999,908.2783654159869,0.20052316615401083,-0.054309284266593726,911,748075.44,821.15855104281,0.14139976851903263,-0.08796401449545388,546,371240,679.92673992674,0.08086715450388271,-0.06659736649959153,551,378053.13999999996,686.1218511796733,0.0818109391840534,-0.06509602826254476,675.8304,456861.35040000005,676,0.09832727272727272,-0.08152173913043478,0,0,,0,,365,376835.43999999994,141.23181111607005,360,370022.3,135.03669986313673,235.16959999999995,291214.0895999999,145.15855104281002,911,748075.44,,Retail
2025-02-01,FebruaryManaged Corporate - Global,Managed Corporate - Global,0,0,,0,,45,24072.648,534.9477333333333,0.008669797913228616,-0.44301755488333583,50,28379.280000000002,567.5856,0.005364196454219661,-0.36959982771073685,78,38861,498.21794871794873,0.008465085904469847,-0.3160469825901961,77,38091.1,494.6896103896104,0.00824293818999545,-0.3259400196403445,168.9576,82789.224,490,0.017818181818181816,-0.3342391304347826,0,0,,0,,-28,-10481.719999999998,69.36765128205127,-27,-9711.819999999996,72.89598961038962,-118.95760000000001,-54409.944,77.5856,50,28379.280000000002,,Corporate
2025-02-01,FebruaryManaged Corporate - Local,Managed Corporate - Local,0,0,,0,,363,274732.66699999996,756.8393030303029,0.09894535503748203,-0.21198618239674125,654,431971.54,660.5069418960244,0.08165042253333439,-0.2663949015452328,725,422738,583.0868965517242,0.09208495625649814,-0.19953899024532937,725,422773.93,583.1364551724138,0.09148854649331374,-0.20542307890610248,1098.2244,621595.0104,566,0.13378181818181817,-0.23097826086956522,0,0,,0,,-71,9233.539999999979,77.4200453443002,-71,9197.609999999986,77.37048672361061,-444.22440000000006,-189623.47040000005,94.50694189602439,654,431971.54,,Corporate
2025-02-01,FebruaryGovernment,Government,0,0,,0,,0,0,,0,,0,0,,0,,0,0,,0,,0,0,,0,,0,0,,0,,0,0,,0,,0,0,,0,0,,0,0,,0,0,,Corporate
2025-02-01,FebruaryWholesale Fixed Value,Wholesale Fixed Value,0,0,,0,,139,118052.86400000012,849.3011798561159,0.04251690441192271,-0.11571576376422214,1222,602340.1400000001,492.913371522095,0.11385316481680206,-0.4525360151293298,1396,615508,440.9083094555874,0.1340760169550044,-0.3947215883546497,1395,615508.23,441.2245376344086,0.13319637120806443,-0.3987910865202722,1140,490200,430,0.10550253167335794,-0.4157608695652174,0,0,,0,,-174,-13167.85999999987,52.005062066507605,-173,-13168.089999999851,51.68883388768643,82,112140.14000000013,62.91337152209502,1222,602340.1400000001,,Leisure
2025-02-01,FebruaryCorporate group,Corporate group,0,0,,0,,398,230206.13199999998,578.4073668341708,0.08290906105659963,-0.3977678016404572,905,474506.31,524.316364640884,0.08969026224790956,-0.4176576597367985,1222,604598,494.76104746317515,0.13169949326241373,-0.32079261259042846,1223,605066.1900000001,494.73932134096486,0.13093670713174585,-0.3258722839083018,675.8304,331156.896,490,0.07127272727272727,-0.3342391304347826,0,0,,0,,-317,-130091.69,29.555317177708844,-318,-130559.88000000006,29.577043299919126,229.16959999999995,143349.414,34.31636464088399,905,474506.31,,Groups
2025-02-01,FebruaryCovention,Covention,0,0,,0,,-4,13972.14,-3493.035,0.005032085801916684,-4.636914513227374,129,90254.43000000001,699.6467441860466,0.017059717279071795,-0.22292350602886019,0,0,,0,,0,495,,0.0001071183138330935,,0,0,,0,,0,0,,0,,129,90254.43000000001,,129,89759.43000000001,,129,90254.43000000001,,129,90254.43000000001,,Groups
2025-02-01,FebruaryAssociation,Association,0,0,,0,,0,0,,0,,0,0,,0,,0,0,,0,,0,0,,0,,0,0,,0,,0,0,,0,,0,0,,0,0,,0,0,,0,0,,Groups
2025-02-01,FebruaryAD Hoc Group,AD Hoc Group,0,0,,0,,142,89807.17700000003,632.4449084507044,0.03234418065463979,-0.34150443200222025,727,370921.79000000004,510.20878954607986,0.07011091721533491,-0.4333265170340031,1171,459868,392.7139197267293,0.1001729786860024,-0.4608827902184096,1165,475816.0000000001,408.4257510729615,0.10296688407031764,-0.4434824423949536,634,252199.69440000082,397.7913160883294,0.05427928650846039,-0.4595226683582481,0,0,,0,,-444,-88946.20999999996,117.49486981935058,-438,-104894.21000000008,101.78303847311838,93,118722.09559999921,112.41747345775048,727,370921.79000000004,,Groups
2025-02-01,FebruaryTour Group,Tour Group,0,0,,0,,454,194242.03599999993,427.8458942731276,0.06995654148118964,-0.5545309616689548,718,296816.8599999999,413.39395543175476,0.05610374709874997,-0.540855827336849,320,130442,407.63125,0.028414161641513492,-0.4404042966628149,320,130442.01999999999,407.6313125,0.028227735829055876,-0.4445649378378347,84.4788,34467.3504,408,0.007418181818181818,-0.44565217391304346,0,0,,0,,398,166374.85999999993,5.762705431754739,398,166374.83999999994,5.762642931754783,633.5212,262349.50959999993,5.393955431754762,718,296816.8599999999,,Groups
2025-02-01,FebruaryContract,Contract,0,0,,0,,223,94252.61900000006,422.657484304933,0.03394521282089666,-0.5599330843255845,1484,588212.8,396.36981132075476,0.11118284241483993,-0.5597640296954917,1486,576489,387.94683714670253,0.12557651393381328,-0.4674270356098915,1487,577162.5,388.13887020847346,0.12489833092463198,-0.4711251788298376,1858.5336000000002,724828.104,390,0.15599999999999997,-0.4701086956521739,0,0,,0,,-2,11723.800000000047,8.422974174052229,-3,11050.300000000047,8.2309411122813,-374.5336000000002,-136615.304,6.3698113207547635,1484,588212.8,,Contract
2025-02-01,FebruaryComplimentary,Complimentary,0,0,,0,,31,-4769.420000000002,-153.85225806451618,-0.001717713296987969,-1.1601894943072837,31,-4769.420000000002,-153.85225806451618,-0.000901506516468506,-1.1708790532933944,0,0,,0,,81,-5333.929999999999,-65.85098765432097,-0.0011542658337449544,-1.0897280122984119,0,0,,0,,0,0,,0,,31,-4769.420000000002,,-50,564.5099999999975,-88.0012704101952,31,-4769.420000000002,,31,-4769.420000000002,,Complimentary
2025-03-01,MarchUnmanaged/ Leisure - Pre,Unmanaged/ Leisure - Pre,0,0,,0,,305,146269.5,479.572131147541,0.09853971710803063,,326,157749.99,483.89567484662575,0.08043744490927009,,110,67619.6399999999,614.723999999999,0.0230320094839494,,108,66871.65000000001,619.1819444444445,0.022737487451508328,,378.32399999999996,192945.24,510.00000000000006,0.072,,0,0,,0,,216,90130.3500000001,-130.82832515337327,218,90878.33999999998,-135.28626959781877,-52.323999999999955,-35195.25,-26.104325153374305,326,157749.99,,Retail
2025-03-01,MarchUnmanaged/ Leisure - Dis,Unmanaged/ Leisure - Dis,0,0,,0,,171,78225.61,457.45970760233917,0.0526994997590279,-0.04610865000076264,192,86208.25,449.0013020833333,0.04395798288227836,-0.0721113549410262,216,122086.19999999992,565.2138888888885,0.04158393206854319,-0.08054039066493353,230,129346.2,562.3747826086957,0.04397988683396157,-0.09174550767419189,441.37800000000004,220689.00000000003,500,0.0823529411764706,-0.019607843137255013,0,0,,0,,-24,-35877.949999999924,-116.21258680555519,-38,-43137.95,-113.37348052536237,-249.37800000000004,-134480.75000000003,-50.998697916666686,192,86208.25,,Retail
2025-03-01,MarchPackage,Package,0,0,,0,,624,341359.89999999997,547.0511217948717,0.22996939196500718,0.14070665550532327,639,350878.73,549.1059937402191,0.17891467704187905,0.13476111129586402,310,217236.7159999999,700.7635999999997,0.07399326738761146,0.13996460200024852,310,217125.43000000002,700.4046129032258,0.07382630367320606,0.13117738523796527,756.6479999999999,416156.39999999997,550,0.1552941176470588,0.07843137254901948,0,0,,0,,329,133642.01400000008,-151.65760625978055,329,133753.29999999996,-151.29861916300672,-117.64799999999991,-65277.669999999984,-0.8940062597808947,639,350878.73,,Retail
2025-03-01,MarchThird Party Intermediary,Third Party Intermediary,0,0,,0,,363,166125.33000000002,457.6455371900827,0.11191631216814328,-0.045721159619912424,410,188201.7,459.0285365853659,0.09596491179226685,-0.05138946172466139,235,144752.85499999998,615.9695957446808,0.049304449553247504,0.002026268284110818,240,146693.13,611.221375,0.04987813524262493,-0.012856591694686946,504.43199999999996,232038.71999999997,460,0.08658823529411763,-0.0980392156862746,0,0,,0,,175,43448.84500000003,-156.94105915931488,170,41508.57000000001,-152.19283841463408,-94.43199999999996,-43837.01999999996,-0.9714634146341155,410,188201.7,,Retail
2025-03-01,MarchManaged Corporate - Global,Managed Corporate - Global,0,0,,0,,55,23185.050000000007,421.54636363636376,0.01561944402719327,-0.12099486968171115,55,23185.050000000007,421.54636363636376,0.011822163551919547,-0.12884866398118572,55,31380.529999999977,570.5550909090905,0.010688561260772155,-0.07185160997603575,55,31380.529999999995,570.5550909090908,0.01066990880435402,-0.0785340302178606,126.10799999999999,63053.99999999999,500,0.02352941176470588,-0.019607843137255013,0,0,,0,,0,-8195.47999999997,-149.00872727272673,0,-8195.479999999989,-149.00872727272707,-71.10799999999999,-39868.94999999998,-78.45363636363624,55,23185.050000000007,,Corporate
2025-03-01,MarchManaged Corporate - Local,Managed Corporate - Local,0,0,,0,,309,131247.08000000002,424.7478317152104,0.08841932278742366,-0.11431919386379817,359,156533.54,436.02657381615603,0.07981717146354828,-0.09892442424835102,546,295854.6749999996,541.8583791208783,0.10077142795304393,-0.11853388004880369,553,298884.3399999999,540.4780108499094,0.10162571030028937,-0.12710954235778227,800,336949.38,421.186725,0.12573699853906736,-0.1741436764705883,0,0,,0,,-187,-139321.13499999957,-105.83180530472231,-194,-142350.7999999999,-104.4514370337534,-441,-180415.84,14.839848816156007,359,156533.54,,Corporate
2025-03-01,MarchGovernment,Government,0,0,,0,,0,0,,0,,0,0,,0,,0,0,,0,,0,0,,0,,0,0,,0,,0,0,,0,,0,0,,0,0,,0,0,,0,0,,Corporate
2025-03-01,MarchWholesale Fixed Value,Wholesale Fixed Value,0,0,,0,,817,244013.64399999994,298.6703108935128,0.1643885803278174,-0.3772150392083011,1015,302464.62999999995,297.99470935960585,0.1542281049439544,-0.3841757121427931,974,353818.78399999975,363.2636386036958,0.12051465504234347,-0.4090622155573942,972,353625.91000000003,363.8126646090535,0.1202387662208606,-0.41243011384080136,840,267979.5,319.0232142857143,0.1,-0.3744642857142858,0,0,,0,,41,-51354.153999999806,-65.26892924408997,43,-51161.280000000086,-65.81795524944766,175,34485.12999999995,-21.02850492610844,1015,302464.62999999995,,Leisure
2025-03-01,MarchCorporate group,Corporate group,0,0,,0,,39,18999.339999999997,487.16256410256403,0.012799589721980933,0.015827510528729733,41,19924.239999999998,485.95707317073163,0.010159461546457627,0.004260005681512354,630,294027.0599999998,466.7096190476188,0.10014892174015959,-0.2407818483618347,631,294615.4599999999,466.90247226624393,0.10017421919109744,-0.24593655151690832,558,228780,410,0.08537220197813639,-0.1960784313725491,0,0,,0,,-589,-274102.81999999983,19.247454123112846,-590,-274691.2199999999,19.0546009044877,-517,-208855.76,75.95707317073163,41,19924.239999999998,,Groups
2025-03-01,MarchCovention,Covention,0,0,,0,,0,-361.56,,-0.0002435779169107678,,0,-361.56,,-0.00018436110570527257,,0,0,,0,,0,0,,0,,0,0,,0,,0,0,,0,,0,-361.56,,0,-361.56,,0,-361.56,,0,-361.56,,Groups
2025-03-01,MarchAssociation,Association,0,0,,0,,0,0,,0,,0,0,,0,,0,0,,0,,0,0,,0,,0,0,,0,,0,0,,0,,0,0,,0,0,,0,0,,0,0,,Groups
2025-03-01,MarchAD Hoc Group,AD Hoc Group,0,0,,0,,149,56664.649999999994,380.29966442953014,0.03817418245789838,-0.20700215936332117,149,56664.649999999994,380.29966442953014,0.02889356546189366,-0.2140874899324759,2150,772287.7159999997,359.20358883720917,0.2630498772139225,-0.41566688654223727,2150,772395.5000000003,359.2537209302327,0.2626274809856121,-0.4197929636779543,450,157500,350,0.05877315242397273,-0.3137254901960785,0,0,,0,,-2001,-715623.0659999996,21.09607559232097,-2001,-715730.8500000003,21.045943499297437,-301,-100835.35,30.29966442953014,149,56664.649999999994,,Groups
2025-03-01,MarchTour Group,Tour Group,0,0,,0,,301,105355.14999999995,350.01710963455133,0.07097629155000959,-0.27014710217415006,301,105355.14999999995,350.01710963455133,0.05372107519013397,-0.27666824105114846,165,62103.88299999999,376.38716969696964,0.021153280648138408,-0.3877135597488137,165,62103.880000000005,376.3871515151515,0.021116365338525053,-0.39212188777103063,63.053999999999995,22699.44,360,0.008470588235294117,-0.2941176470588236,0,0,,0,,136,43251.26699999996,-26.370060062418304,136,43251.269999999946,-26.370041880600184,237.946,82655.70999999995,-9.982890365448668,301,105355.14999999995,,Groups
2025-03-01,MarchContract,Contract,0,0,,0,,533,207402.402,389.1227054409006,0.13972409846622874,-0.18860442430257382,1436,548461.89,381.9372493036212,0.2796632384047007,-0.21070332065960506,1452,574730.3499999993,395.8198002754816,0.19575961764826846,-0.3561015996195329,1452,574751.36,395.8342699724518,0.19542514407431766,-0.36071412688299465,1387.1879999999999,541003.32,390,0.20188235294117646,-0.2352941176470589,0,0,,0,,-16,-26268.459999999264,-13.88255097186044,-16,-26289.469999999972,-13.897020668830635,48.812000000000126,7458.570000000065,-8.062750696378828,1436,548461.89,,Contract
2025-03-01,MarchComplimentary,Complimentary,0,0,,0,,30,-34115.08,-1137.1693333333335,-0.022982852421850306,-3.3712164645853493,30,-34115.08,-1137.1693333333335,-0.017395436082597165,-3.350029959853986,0,0,,0,,105,-6762.629999999997,-64.40599999999998,-0.0022994081163571363,-1.1040178909896794,0,0,,0,,0,0,,0,,30,-34115.08,,-75,-27352.450000000004,-1072.7633333333335,30,-34115.08,,30,-34115.08,,Complimentary
2025-04-01,AprilUnmanaged/ Leisure - Pre,Unmanaged/ Leisure - Pre,0,0,,0,,319,249548.82299999992,782.2847115987458,0.16397396868542638,,989,566133.96,572.4306976744185,0.12165045932155,,586,289530.88,494.08,0.0968194740599437,,586,289533.25000000006,494.08404436860076,0.09663761386028905,,558,323640,580,0.0922406053610363,,0,0,,0,,403,276603.07999999996,78.35069767441854,403,276600.7099999999,78.34665330581777,431,242493.95999999996,-7.569302325581475,989,566133.96,,Retail
2025-04-01,AprilUnmanaged/ Leisure - Dis,Unmanaged/ Leisure - Dis,0,0,,0,,159,144997.788,911.9357735849056,0.09527539526390834,0.1657338563106947,283,200907.73,709.9213074204947,0.04317090894132186,0.24018734548068688,391,233411.36000000002,596.96,0.07805303916050745,0.20822538860103637,391,233412.31999999995,596.9624552429666,0.07790611147560501,0.2082204678474005,634,367720,580,0.10480384193350718,0,0,0,,0,,-108,-32503.630000000005,112.96130742049468,-108,-32504.58999999994,112.95885217752812,-351,-166812.27,129.9213074204947,283,200907.73,,Retail
2025-04-01,AprilPackage,Package,0,0,,0,,469,455094.6510000003,970.3510682302779,0.2990343739348317,0.24040653465818482,2247,1505830.7000000002,670.1516243880731,0.32357182090876724,0.17071224012034952,936,526769.04,562.7874358974359,0.17615219973724894,0.13906135827686997,936,526766.8299999998,562.7850747863246,0.17581914861919487,0.13904725562534234,961,566990,590,0.1615977655223519,0.017241379310344827,0,0,,0,,1311,979061.6600000001,107.36418849063716,1311,979063.8700000003,107.36654960174849,1286,938840.7000000002,80.15162438807306,2247,1505830.7000000002,,Retail
2025-04-01,AprilThird Party Intermediary,Third Party Intermediary,0,0,,0,,156,122563.28100000008,785.6620576923082,0.08053409092086615,0.0043172850542612315,944,507175.1900000001,537.2618538135595,0.10898144110626115,-0.061437732119778876,580,319790.88,551.3635862068966,0.10693845440861635,0.11593990083973564,580,319792.13000000006,551.3657413793104,0.10673713079412937,0.11593512817016992,610.2,323406,530,0.09217391304347826,-0.08620689655172414,0,0,,0,,364,187384.3100000001,-14.101732393337102,364,187383.06000000006,-14.103887565750938,333.79999999999995,183769.19000000012,7.261853813559469,944,507175.1900000001,,Retail
2025-04-01,AprilManaged Corporate - Global,Managed Corporate - Global,0,0,,0,,4,2631.2059999999947,657.8014999999987,0.0017289173519720639,-0.15912775713632743,49,22010.829999999998,449.2006122448979,0.004729671365322356,-0.21527511702317928,5,2760.7,552.14,0.0009231813961857421,0.1175113341968912,5,2760.68,552.136,0.000921433126702452,0.11749409092047262,80,40800,510,0.011628404087042025,-0.1206896551724138,0,0,,0,,44,19250.129999999997,-102.93938775510208,44,19250.149999999998,-102.93538775510206,-31,-18789.170000000002,-60.79938775510209,49,22010.829999999998,,Corporate
2025-04-01,AprilManaged Corporate - Local,Managed Corporate - Local,0,0,,0,,394,229312.3390000001,582.0110126903555,0.15067694506564716,-0.25601126538583807,712,388544.94000000006,545.7091853932585,0.08349025806200372,-0.04668078142859909,566,278755,492.5,0.09321600684382822,-0.003197862694300486,566,278752.56999999995,492.4957067137808,0.09303934253569558,-0.0032147114907337647,990,467516,472.2383838383838,0.1332466903224887,-0.185795889933821,0,0,,0,,146,109789.94000000006,53.20918539325851,146,109792.37000000011,53.2134786794777,-278,-78971.05999999994,73.4708015548747,712,388544.94000000006,,Corporate
2025-04-01,AprilGovernment,Government,0,0,,0,,0,0,,0,,0,0,,0,,0,0,,0,,0,0,,0,,0,0,,0,,0,0,,0,,0,0,,0,0,,0,0,,0,0,,Corporate
2025-04-01,AprilWholesale Fixed Value,Wholesale Fixed Value,0,0,,0,,262,125768.3929999998,480.0320343511443,0.08264011141177922,-0.3863717042736159,1264,479850.87999999995,379.62886075949365,0.10311001296910358,-0.3368125394012059,1837,558888.88,304.24,0.18689311281598353,-0.38422927461139894,1837,558888.65,304.2398747958628,0.18654045968674834,-0.3842345684636373,860,292400,340,0.0833368959571345,-0.41379310344827586,0,0,,0,,-573,-79038.00000000006,75.38886075949364,-573,-79037.77000000008,75.38898596363083,404,187450.87999999995,39.62886075949365,1264,479850.87999999995,,Leisure
2025-04-01,AprilCorporate group,Corporate group,0,0,,0,,88,49178.6970000001,558.8488295454557,0.03231442258442586,-0.2856196455592963,499,246213.91999999998,493.4146693386773,0.05290627055716524,-0.13803597301255005,110,39755.979999999996,361.41799999999995,0.013294447467356989,-0.26850307642487053,110,39756.14,361.4194545454545,0.013269420717294443,-0.2685061202344245,580,255200,440,0.07273452752483149,-0.2413793103448276,0,0,,0,,389,206457.94,131.99666933867735,389,206457.77999999997,131.99521479322277,-81,-8986.080000000016,53.4146693386773,499,246213.91999999998,,Groups
2025-04-01,AprilCovention,Covention,0,0,,0,,-23,-6394.234000000004,278.0101739130437,-0.004201534245197741,-0.6446176567289963,57,27529.809999999998,482.9791228070175,0.005915585829783114,-0.15626620869707164,14,9517.34,679.8100000000001,0.0031826099283422363,0.37591078367875663,14,9517.279999999999,679.8057142857142,0.0031765858658383845,0.3758908469801947,0,0,,0,,0,0,,0,,43,18012.469999999998,-196.83087719298254,43,18012.53,-196.82659147869668,57,27529.809999999998,,57,27529.809999999998,,Groups
2025-04-01,AprilAssociation,Association,0,0,,0,,0,0,,0,,0,0,,0,,0,0,,0,,0,0,,0,,0,0,,0,,0,0,,0,,0,0,,0,0,,0,0,,0,0,,Groups
2025-04-01,AprilAD Hoc Group,AD Hoc Group,0,0,,0,,144,47465.77400000002,329.6234305555557,0.03118889220128893,-0.5786400709763224,240,78930.35000000002,328.8764583333334,0.016960497003060383,-0.42547375661465925,406,235085.5,579.0283251231527,0.07861287358750436,0.17193232902192512,406,235086.61000000004,579.0310591133006,0.0784649398330049,0.1719282695179019,600,212724.75,354.54125,0.06062866059595571,-0.3887219827586207,0,0,,0,,-166,-156155.14999999997,-250.15186678981934,-166,-156156.26,-250.15460077996715,-360,-133794.39999999997,-25.664791666666588,240,78930.35000000002,,Groups
2025-04-01,AprilTour Group,Tour Group,0,0,,0,,35,11263.758000000009,321.8216571428574,0.007401209428153556,-0.5886131323145068,169,60745.08000000001,359.4383431952663,0.013052859227035774,-0.3720840886843841,57,16581.870000000003,290.91,0.005544997246339869,-0.4112087111398963,57,16582.07,290.9135087719298,0.005534603288790779,-0.41120642917402117,76.275,26696.250000000004,350,0.007608695652173914,-0.39655172413793105,0,0,,0,,112,44163.21000000001,68.5283431952663,112,44163.01000000001,68.52483442333653,92.725,34048.83,9.438343195266327,169,60745.08000000001,,Groups
2025-04-01,AprilContract,Contract,0,0,,0,,169,63306.61300000001,374.59534319526637,0.041597617864310314,-0.521152161558021,1460,542758.74,371.75256164383563,0.11662760881150061,-0.35057193271756126,1289,479572.45,372.05,0.16036960334814251,-0.24698429404145072,1289,479571.83999999997,372.04952676493406,0.16006686034225193,-0.24699141572081507,1678.05,631557,376.3636363636364,0.18,-0.3510971786833856,0,0,,0,,171,63186.28999999998,-0.29743835616437764,171,63186.90000000002,-0.2969651210984239,-218.04999999999995,-88798.26000000001,-4.61107471980074,1460,542758.74,,Contract
2025-04-01,AprilComplimentary,Complimentary,0,0,,0,,34,27143.64,798.3423529411765,0.017835589532588132,0.020526594862903366,49,27143.64,553.9518367346939,0.005832605897125121,-0.03228139408804885,0,0,,0,,105,5651.640000000001,53.82514285714287,0.001886349854454934,-0.8910607548035132,0,0,,0,,0,0,,0,,49,27143.64,,-56,21492,500.126693877551,49,27143.64,,49,27143.64,,Complimentary
2025-05-01,MayUnmanaged/ Leisure - Pre,Unmanaged/ Leisure - Pre,0,0,,0,,-13,-4261.119999999981,327.7784615384601,-0.00403152645132015,,192,81520.73,424.5871354166666,0.03210719146677263,,378,153973.429848,407.337116,0.06398098552626849,,378,153973.42999999996,407.3371164021163,0.06420343782757351,,460,202400,440,0.07356639482804028,,552,231840,420,0.08529286680273891,,-186,-72452.699848,17.250019416666646,-186,-72452.69999999997,17.250019014550332,-268,-120879.27,-15.412864583333374,-360,-150319.27000000002,4.5871354166666265,Retail
2025-05-01,MayUnmanaged/ Leisure - Dis,Unmanaged/ Leisure - Dis,0,0,,0,,654,289684.4849999999,442.9426376146788,0.2740759856128342,0.35134760086335287,762,330944.98999999993,434.31101049868755,0.13034370716379934,0.022901954088831365,426,194299.469892,456.102042,0.08073777133622233,0.11971638253559001,426,194299.46999999994,456.102042253521,0.08101848443640883,0.11971638205261119,510,239700,470,0.08712383814368209,0.06818181818181818,620,223200,360,0.08211425064859956,-0.14285714285714285,336,136645.52010799994,-21.791031501312432,336,136645.52,-21.791031754833455,252,91244.98999999993,-35.68898950131245,142,107744.98999999993,74.31101049868755,Retail
2025-05-01,MayPackage,Package,0,0,,0,,495,224446.6590000001,453.42759393939417,0.21235324108894804,0.38333553648152374,1044,491801.2300000002,471.07397509578567,0.1936974344464812,0.10948716011732056,655,300281.159949,458.4445190061069,0.12477662261257758,0.1254670910129066,655,300281.16000000003,458.4445190839695,0.12521045213353799,0.12546709009301488,940,451200,480,0.16399781297634275,0.09090909090909091,996,452184,454,0.16635640822260908,0.08095238095238096,389,191520.07005100022,12.629456089678797,389,191520.07000000018,12.62945601181616,104,40601.230000000214,-8.92602490421433,48,39617.230000000214,17.07397509578567,Retail
2025-05-01,MayThird Party Intermediary,Third Party Intermediary,0,0,,0,,21,19827.108000000022,944.148000000001,0.018758802933309036,1.8804455166716891,133,72941.84000000004,548.4348872180454,0.028728369125481285,0.29168983577385454,563,231734.319842,411.60625193960925,0.0962931732987129,0.010480596468919053,563,231734.32000000004,411.60625222024873,0.0966279702065157,0.01048059616035093,562,230420,410,0.08375083347962965,-0.06818181818181818,609,249690,410,0.09185979948229761,-0.023809523809523808,-430,-158792.47984199994,136.8286352784362,-430,-158792.47999999998,136.8286349977967,-429,-157478.15999999997,138.43488721804545,-476,-176748.15999999997,138.43488721804545,Retail
2025-05-01,MayManaged Corporate - Global,Managed Corporate - Global,0,0,,0,,0,-600.8100000000013,,-0.0005684377363739288,,12,6092.6900000000005,507.7241666666667,0.0023996247871883748,0.19580675982661114,25,9515.540007,380.62160028,0.003954017443551829,-0.06558576341469453,25,9515.539999999997,380.6215999999999,0.003967764962992568,-0.06558576502452407,60,25200,420,0.009159452320487229,-0.045454545454545456,25,9750,390,0.0035869800350530725,-0.07142857142857142,-13,-3422.850006999999,127.1025663866667,-13,-3422.8499999999967,127.1025666666668,-48,-19107.309999999998,87.72416666666669,-13,-3657.3099999999995,117.72416666666669,Corporate
2025-05-01,MayManaged Corporate - Local,Managed Corporate - Local,0,0,,0,,383,144906.10499999998,378.34492167101826,0.13709841432892703,0.15427023452126654,643,259192.31,403.0984603421462,0.10208369237965713,-0.05061075402916436,638,275583.349712,431.948824,0.11451387636561822,0.060420980640516986,638,275583.3499999999,431.94882445141053,0.11491202396439067,0.06042098070188619,990,377040,380.8484848484849,0.1370428532903375,-0.13443526170798892,700,280000,400,0.10301070869896004,-0.047619047619047616,5,-16391.039711999998,-28.85036365785379,5,-16391.03999999992,-28.85036410926432,-347,-117847.69,22.24997549366134,-57,-20807.690000000002,3.098460342146211,Corporate
2025-05-01,MayGovernment,Government,0,0,,0,,0,0,,0,,0,0,,0,,0,0,,0,,0,0,,0,,0,0,,0,,0,0,,0,,0,0,,0,0,,0,0,,0,0,,Corporate
2025-05-01,MayWholesale Fixed Value,Wholesale Fixed Value,0,0,,0,,669,140625.6150000001,210.20271300448445,0.1330485615532223,-0.358704925217241,1804,353716.57000000007,196.07348669623065,0.13931236432696428,-0.5382020076896233,1133,282682.190252,249.498844,0.11746367630377247,-0.3874880677458324,1133,282682.19000000006,249.4988437775817,0.11787207968691306,-0.3874880688965239,910,264555,290.7197802197802,0.09615789320025789,-0.3392732267732268,1900,361000,190,0.13281023514401633,-0.5476190476190477,671,71034.37974800006,-53.425357303769346,671,71034.38,-53.42535708135105,894,89161.57000000007,-94.64629352354956,-96,-7283.429999999935,6.0734866962306455,Leisure
2025-05-01,MayCorporate group,Corporate group,0,0,,0,,312,106861.87600000002,342.50601282051286,0.1011040476991251,0.04493141865675857,446,162662.17,364.71338565022427,0.06406499839477296,-0.14101640104494811,448,168737.950194,376.6472102544643,0.07011612561824583,-0.07534276779613588,448,168737.95,376.6472098214286,0.0703599087321573,-0.07534276977203115,560,201600,360,0.07327561856389783,-0.18181818181818182,200,85000,425,0.03127110799789858,0.011904761904761904,-2,-6075.780193999992,-11.933824604240044,-2,-6075.779999999999,-11.933824171204321,-114,-38937.82999999999,4.713385650224268,246,77662.17000000001,-60.28661434977573,Groups
2025-05-01,MayCovention,Covention,0,0,,0,,0,2224.2,,0.0021043578057004537,,0,2224.2,,0.0008760080443390985,,503,171924.12992500002,341.797475,0.07144008728783027,-0.16089778816031083,503,171924.13,341.79747514910537,0.07168847372897173,-0.16089778862260934,0,0,,0,,0,0,,0,,-503,-169699.929925,,-503,-169699.93,,0,2224.2,,0,2224.2,,Groups
2025-05-01,MayAssociation,Association,0,0,,0,,0,0,,0,,0,0,,0,,0,0,,0,,0,0,,0,,0,0,,0,,0,0,,0,,0,0,,0,0,,0,0,,0,0,,Groups
2025-05-01,MayAD Hoc Group,AD Hoc Group,0,0,,0,,-37,-7320.159999999989,197.84216216216186,-0.006925742215167795,-0.39641500166432403,273,70214.22,257.19494505494504,0.027654087558221036,-0.39424696699171546,172,52915.000028,307.645349,0.021987909565021235,-0.24474019941752614,172,52915,307.6453488372093,0.022064358198983117,-0.24474020056275192,510,168300,330,0.06117205656896828,-0.25,400,96000,240,0.03531795726821487,-0.42857142857142855,101,17299.219972,-50.45040394505497,101,17299.22,-50.45040378226429,-237,-98085.78,-72.80505494505496,-127,-25785.78,17.194945054945038,Groups
2025-05-01,MayTour Group,Tour Group,0,0,,0,,71,14714.689000000002,207.24914084507046,0.013921846351769,-0.3677158045335668,154,38068.25,247.19642857142858,0.014993297920111451,-0.4177957645164084,239,46899.810085000005,196.233515,0.01948840181838752,-0.5182528002186768,239,46899.810000000005,196.2335146443515,0.019556160017088736,-0.5182528015673556,71.4612,18579.912,260,0.006753246749319385,-0.4090909090909091,450,126000,280,0.04635481891453201,-0.3333333333333333,-85,-8831.560085000005,50.96291357142857,-85,-8831.560000000005,50.962913927077096,82.5388,19488.338,-12.803571428571416,-296,-87931.75,-32.803571428571416,Groups
2025-05-01,MayContract,Contract,0,0,,0,,290,128131.0859999999,441.8313310344824,0.12122725068652815,0.34795718108109996,1807,671928.7799999998,371.84769230769217,0.2646412267345366,-0.1242134740074469,1444,518003.48036799993,358.728172,0.21524735282379115,-0.11933345155809472,1444,518003.4800000001,358.7281717451524,0.21599573525540564,-0.11933345305311675,1572.1464,572261.2896,364,0.20799999987903706,-0.17272727272727273,1700,603500,355,0.22202486678507993,-0.15476190476190477,363,153925.29963199986,13.119520307692198,363,153925.2999999997,13.119520562539776,234.85359999999991,99667.49039999978,7.847692307692171,107,68428.7799999998,16.84769230769217,Contract
2025-05-01,MayComplimentary,Complimentary,0,0,,0,,12,-2290.2,-190.85,-0.002166801657501654,-1.582253022679486,21,-2290.2,-109.05714285714285,-0.000902002348325422,-1.2568545623741523,0,0,,0,,78,-8338.22,-106.9002564102564,-0.0034768491509387695,-1.2624368173332043,0,0,,0,,10,0,0,0,-1,21,-2290.2,,-57,6048.0199999999995,-2.156886446886446,21,-2290.2,,11,-2290.2,-109.05714285714285,Complimentary
2025-06-01,JuneUnmanaged/ Leisure - Pre,Unmanaged/ Leisure - Pre,0,0,,0,,-5,-491.79999999999995,98.35999999999999,-0.0008496465661187639,,2,1916.76,958.38,0.0012178019885073126,,253,73590.11,290.87,0.06205684530083906,,253,73590.29,290.8707114624506,0.06205708396066902,,260,96200,370,0.06467824756910302,,350,105000,300,0.06102451441922098,,-251,-71673.35,667.51,-251,-71673.53,667.5092885375494,-258,-94283.24,588.38,-348,-103083.24,658.38,Retail
2025-06-01,JuneUnmanaged/ Leisure - Dis,Unmanaged/ Leisure - Dis,0,0,,0,,550,189911.66300000012,345.29393272727293,0.3280963650546035,2.510511719472072,1044,351408.90000000014,336.59856321839095,0.2232655403906423,-0.6487838193426502,477,160171.83000000002,335.79,0.13506921617405238,0.1544332519682333,477,160170.87,335.78798742138366,0.13506859570254995,0.15442350910167732,480,172800,360,0.11617880644429317,-0.02702702702702703,540,189000,350,0.10984412595459776,0.16666666666666666,567,191237.07000000012,0.8085632183909297,567,191238.03000000014,0.8105757970072887,564,178608.90000000014,-23.40143678160905,504,162408.90000000014,-13.40143678160905,Retail
2025-06-01,JunePackage,Package,0,0,,0,,516,175778.6050000001,340.65621124031026,0.30367972374013147,2.4633612366847326,773,277624.5800000001,359.1521086675292,0.17638711449660238,-0.6252508309151598,383,162606.12,424.5590600522193,0.1371219968798752,0.4596179050854997,383,162605.91,424.55851174934725,0.13712201174055696,0.45961244985696975,437,179170,410,0.12046155526981486,0.10810810810810811,450,186300,414,0.10827492415524637,0.38,390,115018.46000000008,-65.4069513846901,390,115018.67000000007,-65.40640308181804,336,98454.58000000007,-50.847891332470795,323,91324.58000000007,-54.847891332470795,Retail
2025-06-01,JuneThird Party Intermediary,Third Party Intermediary,0,0,,0,,145,27858.99,192.13096551724138,0.04812992108384909,0.9533445050553213,145,27858.99,192.13096551724138,0.017700042477829952,-0.7995252764902843,337,95246.31,282.63,0.08031902011215583,-0.028328806683398114,337,95245.05,282.6262611275964,0.08031807001559743,-0.02834403743643489,380,110200,290,0.07409088235046937,-0.21621621621621623,400,116000,290,0.0674175587869489,-0.03333333333333333,-192,-67387.31999999999,-90.49903448275862,-192,-67386.06,-90.49529561035504,-235,-82341.01,-97.86903448275862,-255,-88141.01,-97.86903448275862,Retail
2025-06-01,JuneManaged Corporate - Global,Managed Corporate - Global,0,0,,0,,0,0.0019999999999527063,,3.4552524038172933e-09,,2,547.78,273.89,0.0003480287429122768,-0.7142156555854672,19,5632.55,296.45,0.004749799721718599,0.01918382782686418,19,5632.610000000001,296.4531578947369,0.004749856967375778,0.01919219162430852,40,14400,360,0.009681567203691097,-0.02702702702702703,40,11920,298,0.00692773535121061,-0.006666666666666667,-17,-5084.77,-22.560000000000002,-17,-5084.830000000001,-22.56315789473689,-38,-13852.22,-86.11000000000001,-38,-11372.22,-24.110000000000014,Corporate
2025-06-01,JuneManaged Corporate - Local,Managed Corporate - Local,0,0,,0,,192,65058.761999999966,338.84771874999984,0.11239722189759638,2.4449747737901575,349,113613.28999999998,325.53951289398276,0.07218352348904294,-0.660323136027481,352,139444.8,396.15,0.11759058902896656,0.3619486368480764,352,139444.03999999998,396.14784090909086,0.1175901127457833,0.3619378827016444,600,204000,340,0.1371555353856239,-0.08108108108108109,650,208000,320,0.1208866571352187,0.06666666666666667,-3,-25831.51000000001,-70.61048710601722,-3,-25830.75,-70.6083280151081,-251,-90386.71000000002,-14.46048710601724,-301,-94386.71000000002,5.53951289398276,Corporate
2025-06-01,JuneGovernment,Government,0,0,,0,,0,0,,0,,0,0,,0,,0,0,,0,,0,0,,0,,0,0,,0,,0,0,,0,,0,0,,0,0,,0,0,,0,0,,Corporate
2025-06-01,JuneWholesale Fixed Value,Wholesale Fixed Value,0,0,,0,,305,61788.704999999994,202.58591803278688,0.10674778574252805,1.059637230914873,682,123110.89999999998,180.51451612903222,0.07821777313118225,-0.8116461986591621,613,108807.5,177.5,0.09175485938356454,-0.38976174923505347,613,108807.04,177.49924959216963,0.09175459991789506,-0.38976582172975643,560,123200,220,0.08283118607602383,-0.40540540540540543,700,134400,192,0.07811137845660285,-0.36,69,14303.39999999998,3.0145161290322164,69,14303.859999999986,3.0152665368625833,122,-89.10000000002037,-39.485483870967784,-18,-11289.10000000002,-11.485483870967784,Leisure
2025-06-01,JuneCorporate group,Corporate group,0,0,,0,,-159,-45928.53,288.858679245283,-0.07934733184502366,1.9367494839902708,91,31388.49,344.92846153846153,0.01994248916830584,-0.6400921747757032,120,30483.6,254.03,0.025706117974448706,-0.12665451920101764,120,30483.4,254.02833333333334,0.025705985303314586,-0.12666238530472787,350,118989,339.9685714285714,0.08,-0.08116602316602323,100,35000,350,0.020341504806406993,0.16666666666666666,-29,904.890000000003,90.89846153846153,-29,905.0900000000001,90.9001282051282,-259,-87600.51,4.959890109890125,-9,-3611.5099999999984,-5.071538461538466,Groups
2025-06-01,JuneCovention,Covention,0,0,,0,,0,302.5,,0.0005226069260897236,,0,302.5,,0.0001921915636404464,,0,0,,0,,0,0,,0,,0,0,,0,,0,0,,0,,0,302.5,,0,302.5,,0,302.5,,0,302.5,,Groups
2025-06-01,JuneAssociation,Association,0,0,,0,,0,0,,0,,0,0,,0,,0,0,,0,,0,0,,0,,0,0,,0,,0,0,,0,,0,0,,0,0,,0,0,,0,0,,Groups
2025-06-01,JuneAD Hoc Group,AD Hoc Group,0,0,,0,,0,0.03599999999278225,,6.219454325771241e-08,,183,24680.01,134.8634426229508,0.015680296570452407,-0.8592797818997153,81,16658.46,205.66,0.014047695745667664,-0.29294873998693577,81,16658.73,205.66333333333333,0.014047943095320266,-0.2929390095713261,310,74400,240,0.050021430552404,-0.35135135135135137,200,42000,210,0.02440980576768839,-0.3,102,8021.549999999999,-70.7965573770492,102,8021.279999999999,-70.79989071038253,-127,-49719.990000000005,-105.1365573770492,-17,-17319.99,-75.1365573770492,Groups
2025-06-01,JuneTour Group,Tour Group,0,0,,0,,0,0.054999999999381544,,9.501944110615402e-08,,25,6492.75,259.71,0.0041251298341372184,-0.7290114568334064,28,4777.639999999999,170.62999999999997,0.004028873803600792,-0.4133805480111391,28,4777.64,170.63000000000002,0.004028879443386496,-0.41338198286757655,60,12000,200,0.00806797266974258,-0.4594594594594595,150,27000,180,0.015692017993513965,-0.4,-3,1715.1100000000006,89.08000000000001,-3,1715.1099999999997,89.07999999999996,-35,-5507.25,59.70999999999998,-125,-20507.25,79.70999999999998,Groups
2025-06-01,JuneContract,Contract,0,0,,0,,251,102626.87699999998,408.8720199203186,0.1773008817294484,3.1568932484782297,1688,613082.4600000001,363.20050947867304,0.3895182698444015,-0.6210266183782288,1132,390189.08,344.69,0.3290374667959691,0.18503111355588406,1132,390190.6100000002,344.6913515901062,0.3290392176119251,0.18503286170358715,1100,382003.5,347.27590909090907,0.25683281647883416,-0.06141646191646198,1800,666000,370,0.3870697771733445,0.23333333333333334,556,222893.38000000006,18.510509478673043,556,222891.84999999986,18.509157888566847,588,231078.96000000008,15.924600387763974,-112,-52917.53999999992,-6.799490521326959,Contract
2025-06-01,JuneComplimentary,Complimentary,0,0,,0,,-2,1923.0499999999997,-961.5249999999999,0.0033223115676589846,-10.775569337128914,9,1923.0499999999997,213.6722222222222,0.0012217983023430096,-0.7770485379262692,44,-1758,-39.95454545454545,-0.0014824809208584559,-1.1373622080467063,44,-1757.85,-39.95113636363636,-0.0014823565043739066,-1.1373501517659463,0,0,,0,,0,0,,0,,-35,3681.0499999999997,253.62676767676766,-35,3680.8999999999996,253.62335858585854,9,1923.0499999999997,,9,1923.0499999999997,,Complimentary
2025-07-01,JulyUnmanaged/ Leisure - Pre,Unmanaged/ Leisure - Pre,0,0,,0,,-3,-1979.995,659.9983333333333,-0.0029830548242612506,,3,873.1300000000001,291.04333333333335,0.000562340835993445,,234,64679.232,276.40697435897437,0.06356228901550728,,283,75898.27000000002,268.19176678445234,0.06767362802835579,,320,121600,380,0.08162985826881598,,10,3000,300,0.0018662487769040973,,-231,-63806.102000000006,14.636358974358984,-280,-75025.14000000001,22.85156654888101,-317,-120726.87,-88.95666666666665,-7,-2126.87,-8.95666666666665,Retail
2025-07-01,JulyUnmanaged/ Leisure - Dis,Unmanaged/ Leisure - Dis,6,2168.0959999999905,361.34933333333174,0.1658201266280414,,324,120965.411,373.3500339506173,0.18224614347626886,-0.4343167018846756,522,176668.025,338.4444923371647,0.11378333681331626,0.1628663280513716,351,108396.10399999998,308.8208091168091,0.1065242161595701,0.11726851260901368,420,131809.24000000002,313.83152380952384,0.11752586031882248,0.17017583191415606,460,165600,360,0.11116697803713756,-0.05263157894736842,540,183600,340,0.11421442514653075,0.13333333333333333,171,68271.92100000002,29.623683220355645,102,44858.784999999974,24.612968527640874,62,11068.024999999994,-21.555507662835282,-18,-6931.975000000006,-1.5555076628352822,Retail
2025-07-01,JulyPackage,Package,-4,-2032.3789999999863,508.09474999999657,-0.1554402310304393,,213,70266.94900000005,329.8917793427232,0.10586398511136111,-0.5001627084774609,422,145480.40600000005,344.74029857819914,0.09369689866423764,0.18449817980666955,304,100330.234,330.0336644736842,0.0985976353352723,0.19401352024158394,334,115459.35,345.6866766467066,0.10294771019544635,0.2889533515193159,380,148200,390,0.09948638976511948,0.02631578947368421,450,158400,352,0.09853793542053634,0.17333333333333334,118,45150.17200000005,14.706634104514933,88,30021.05600000004,-0.9463780685074425,42,-2719.5939999999537,-45.259701421800855,-28,-12919.593999999954,-7.259701421800855,Retail
2025-07-01,JulyThird Party Intermediary,Third Party Intermediary,5,1499.586000000003,299.9172000000006,0.11469120389947662,,176,42613.07099999998,242.119721590909,0.06420073132666353,-0.6331510105971344,242,54995.58399999998,227.25447933884288,0.035419997803886834,-0.21917304637736806,255,69680.224,273.25578039215685,0.06847691909132883,-0.01140055881052049,310,82571.86,266.3608387096774,0.07362404095968814,-0.006826936176032806,330,102300,310,0.06867380346134766,-0.18421052631578946,260,59800,230,0.03720055895295501,-0.23333333333333334,-13,-14684.640000000021,-46.001301053313966,-68,-27576.27600000002,-39.106359370834525,-88,-47304.41600000002,-82.74552066115712,-18,-4804.416000000019,-2.7455206611571157,Retail
2025-07-01,JulyManaged Corporate - Global,Managed Corporate - Global,0,0,,0,,1,273.89099999999996,273.89099999999996,0.00041264340004481734,-0.5850125884156274,3,821.669,273.88966666666664,0.0005291972929230446,-0.058938531490156244,13,3197.2,245.93846153846152,0.0031419876853265643,-0.11023062240442194,13,3197.2100000000005,245.93923076923082,0.0028507474579926445,-0.08297248003554877,20,6400,320,0.0042963083299376835,-0.15789473684210525,5,1370,274,0.0008522536081195378,-0.08666666666666667,-10,-2375.531,27.951205128205117,-10,-2375.5410000000006,27.950435897435824,-17,-5578.331,-46.11033333333336,-2,-548.331,-0.11033333333335804,Corporate
2025-07-01,JulyManaged Corporate - Local,Managed Corporate - Local,12,3503.3559999999998,291.9463333333333,0.2679433639207448,,188,59538.50400000001,316.694170212766,0.08970054044909094,-0.5201591364431234,320,104463.14200000002,326.4473187500001,0.06727966122201959,0.12164506574049704,440,152851.40000000002,347.3895454545455,0.15021181549009288,0.2568045587857884,495,171300.88,346.0623838383838,0.1527380272837577,0.29035424162187895,759,223146,294,0.14979750290504285,-0.22631578947368422,390,127920,328,0.07957684784719071,0.09333333333333334,-120,-48388.258,-20.94222670454542,-175,-66837.73799999998,-19.615065088383744,-439,-118682.85799999998,32.44731875000008,-70,-23456.85799999998,-1.552681249999921,Corporate
2025-07-01,JulyGovernment,Government,0,0,,0,,0,0,,0,,0,0,,0,,0,0,,0,,0,0,,0,,0,0,,0,,0,0,,0,,0,0,,0,0,,0,0,,0,0,,Corporate
2025-07-01,JulyWholesale Fixed Value,Wholesale Fixed Value,20,1787.3100000000268,89.36550000000133,0.13669688543476416,,253,45203.74500000002,178.67092885375502,0.06810383339196587,-0.7292857878119565,542,97259.27600000001,179.44515867158674,0.06263999928299016,-0.38344178299364334,449,79854.932,177.8506280623608,0.07847592047935388,-0.35656244392956876,497,89059.31000000001,179.1937826961771,0.07940848477049643,-0.3318445795534192,690,144585,209.54347826086956,0.09705964685688125,-0.44856979405034325,580,104400,180,0.06494545743626258,-0.4,93,17404.344000000012,1.5945306092259273,45,8199.966,0.25137597540964407,-148,-47325.72399999999,-30.098319589282823,-38,-7140.723999999987,-0.5548413284132607,Leisure
2025-07-01,JulyCorporate group,Corporate group,0,0,,0,,23,6446.399999999999,280.27826086956514,0.009712127868564175,-0.5753348959928205,23,6446.399999999999,280.27826086956514,0.004151814695575851,-0.03698786823417431,170,48167.693999999996,283.3393764705882,0.04733588808287822,0.025080416757540327,192,54435.399999999994,283.5177083333333,0.04853656099374541,0.057145458761224885,250,77500,310,0.05202560868283913,-0.18421052631578946,23,6446.418,280.27904347826086,0.004010206569304185,-0.06573652173913047,-147,-41721.293999999994,-3.0611156010230616,-169,-47988.99999999999,-3.2394474637681583,-227,-71053.6,-29.721739130434855,0,-0.0180000000009386,-0.0007826086957152256,Groups
2025-07-01,JulyCovention,Covention,0,0,,0,,0,0,,0,,0,0,,0,,0,0,,0,,0,0,,0,,0,0,,0,,0,0,,0,,0,0,,0,0,,0,0,,0,0,,Groups
2025-07-01,JulyAssociation,Association,0,0,,0,,0,0,,0,,0,0,,0,,0,0,,0,,0,0,,0,,0,0,,0,,0,0,,0,,0,0,,0,0,,0,0,,0,0,,Groups
2025-07-01,JulyAD Hoc Group,AD Hoc Group,0,-0.0039999999971769284,,-3.0592764621310425e-07,,0,-134.67799999999988,,-0.00020290549098450067,,130,17580.932,135.23793846153848,0.011323028642268513,-0.5353340105315183,0,0,,0,,0,0,,0,,300,84600,282,0.05679182573636375,-0.2578947368421053,150,20700,138,0.012877116560638271,-0.54,130,17580.932,,130,17580.932,,-170,-67019.068,-146.76206153846152,-20,-3119.0679999999993,-2.7620615384615235,Groups
2025-07-01,JulyTour Group,Tour Group,0,0,,0,,45,6942.314000000002,154.2736444444445,0.010459270487671144,-0.766251463597972,67,12276.665000000003,183.2338059701493,0.007906806614492076,-0.3704243149239542,12,1347.24,112.27,0.0013239745681156514,-0.5938235630256092,12,1347.22,112.26833333333333,0.0012012298192351613,-0.5813878454234421,60,11400,190,0.007652799212701499,-0.5,40,7952.180000000001,198.80450000000002,0.004946915399573742,-0.3373183333333333,55,10929.425000000003,70.9638059701493,55,10929.445000000003,70.96547263681596,7,876.6650000000027,-6.766194029850709,27,4324.4850000000015,-15.570694029850728,Groups
2025-07-01,JulyContract,Contract,16,6194.081999999937,387.13012499999604,0.47373523201208156,,704,314437.6769999998,446.6444275568179,0.47373090806004575,-0.32326430992479593,2424,936631.073,386.3989575082508,0.6032388082052584,0.32763376876839917,1126,389068.1560000001,345.53122202486685,0.38234935409255444,0.25008141645557636,1139,395965.5699999999,347.6431694468831,0.3530571473660185,0.2962484777777927,1160,404320,348.55172413793105,0.27141927874381316,-0.08275862068965514,2440,934520,383,0.581348935664139,0.27666666666666667,1298,547562.9169999999,40.86773548338397,1285,540665.503,38.755788061367696,1264,532311.073,37.84723337031977,-16,2111.072999999975,3.3989575082508168,Contract
2025-07-01,JulyComplimentary,Complimentary,0,-45.06000000000006,,-0.0034462749370228938,,-1,-825.8500000000001,825.8500000000001,-0.0012442232564305235,0.2512910386137341,13,-825.8500000000001,-63.52692307692309,-0.0005318900729618574,-1.2182730741479153,0,0,,0,,39,489.61999999999995,12.554358974358973,0.000436562806441353,-0.953188872556073,0,0,,0,,1,-605.8699999999999,-605.8699999999999,-0.0003769013821542951,-3.0195666666666665,13,-825.8500000000001,,-26,-1315.47,-76.08128205128206,13,-825.8500000000001,,12,-219.98000000000025,542.3430769230768,Complimentary
2025-08-01,AugustUnmanaged/ Leisure - Pre,Unmanaged/ Leisure - Pre,0,0,,0,,0,0,,0,,23,6783.105999999999,294.917652173913,0.0073152503537150795,,44,13375.34,303.985,0.0326671014581945,,430,105718.23,245.85634883720928,0.08868768095993688,,220,86680,394,0.056397731533329595,,30,10200,340,0.006362275449101796,,-21,-6592.234000000001,-9.06734782608703,-407,-98935.124,49.0613033367037,-197,-79896.894,-99.08234782608702,-7,-3416.894000000001,-45.082347826087016,Retail
2025-08-01,AugustUnmanaged/ Leisure - Dis,Unmanaged/ Leisure - Dis,0,0,,0,,6,657.4920000000002,109.58200000000004,0.001496100444677637,,44,11428.208000000002,259.732,0.012324767240012103,-0.11930670108944165,25,6532.349999999999,261.294,0.015954206787299374,-0.14043785055183652,498,144840.44,290.84425702811245,0.12150754635995024,0.18298452898888265,460,170200,370,0.1107394313217893,-0.06091370558375635,500,169500,339,0.10572604790419161,-0.0029411764705882353,19,4895.858000000003,-1.561999999999955,-454,-133412.232,-31.112257028112424,-416,-158771.792,-110.26799999999997,-456,-158071.792,-79.26799999999997,Retail
2025-08-01,AugustPackage,Package,-1,-264.04400000000896,264.04400000000896,-0.0073555300538245124,,42,11517.791999999994,274.2331428571427,0.026208339771289255,,161,71677.68299999999,445.2029999999999,0.07730089960546502,0.5095841049808156,81,26729.654000000002,329.99572839506175,0.06528285031710854,0.08556582856082284,440,164404.65000000002,373.6469318181819,0.13792008386377724,0.5197774374563235,480,191040,398,0.12429883055061473,0.01015228426395939,550,193490,351.8,0.12068987025948104,0.03470588235294121,80,44948.02899999999,115.20727160493817,-279,-92726.96700000003,71.55606818181803,-319,-119362.31700000001,47.20299999999992,-389,-121812.31700000001,93.4029999999999,Retail
2025-08-01,AugustThird Party Intermediary,Third Party Intermediary,5,1488.3770000000013,297.67540000000025,0.041462035702083004,,24,6349.299000000003,264.5541250000001,0.01444761161701021,,28,6987.6730000000025,249.5597500000001,0.007535865927039227,-0.15379853270758215,7,1696.52,242.35999999999999,0.004143475303495547,-0.20272381860947095,272,70023.73999999999,257.44022058823526,0.058743351196303334,0.047116423089387446,330,107580,326,0.06999616933958927,-0.17258883248730963,200,46000,230,0.02869261477045908,-0.3235294117647059,21,5291.153000000002,7.199750000000108,-244,-63036.06699999999,-7.88047058823517,-302,-100592.32699999999,-76.4402499999999,-172,-39012.327,19.559750000000093,Retail
2025-08-01,AugustManaged Corporate - Global,Managed Corporate - Global,1,273.8890000000001,273.8890000000001,0.007629784319703816,,1,273.8890000000001,273.8890000000001,0.0006232250045511024,,6,1691.7780000000002,281.963,0.001824500400392887,-0.043926336990752934,4,1430,357.5,0.00349254337349317,0.1760448706350642,6,2202.2799999999997,367.0466666666666,0.0018475063952967223,0.49293141463555207,20,7400,370,0.004814757883556057,-0.06091370558375635,10,2860,286,0.001783932135728543,-0.1588235294117647,2,261.77800000000025,-75.53699999999998,0,-510.5019999999995,-85.0836666666666,-14,-5708.222,-88.03699999999998,-4,-1168.2219999999998,-4.036999999999978,Corporate
2025-08-01,AugustManaged Corporate - Local,Managed Corporate - Local,11,3031.2920000000013,275.5720000000001,0.08444334810833447,,58,16147.032000000005,278.39710344827597,0.03674201626091882,,58,16147.032000000005,278.39710344827597,0.01741378972250305,-0.05601749710083425,43,17332.612,403.084,0.04233209733281692,0.32599963814003974,344,134854.35999999996,392.0184883720929,0.11313016171133845,0.5945021970193785,759,242880,320,0.1580281614537966,-0.18781725888324874,350,113750,325,0.07095184630738523,-0.04411764705882353,15,-1185.5799999999963,-124.68689655172403,-286,-118707.32799999995,-113.62138492381695,-701,-226732.968,-41.60289655172403,-292,-97602.968,-46.60289655172403,Corporate
2025-08-01,AugustGovernment,Government,0,0,,0,,0,0,,0,,0,0,,0,,0,0,,0,,1,212.96,212.96,0.00017865346910583125,-0.13380312931837762,0,0,,0,,0,0,,0,,0,0,,-1,-212.96,,0,0,,0,0,,Corporate
2025-08-01,AugustWholesale Fixed Value,Wholesale Fixed Value,40,5056.502000000008,126.4125500000002,0.14086005524921053,,126,25680.721000000012,203.81524603174614,0.058435597859353934,,201,40844.551000000014,203.20672139303488,0.04404886436244455,-0.31097131726383115,276,39446.748,142.923,0.09634229254073773,-0.5298353537181111,819,135995.19000000003,166.05029304029307,0.11408721109695086,-0.32460441300118226,690,146280,212,0.09517605178467296,-0.4619289340101523,700,126000,180,0.07859281437125748,-0.47058823529411764,-75,1397.8030000000144,60.28372139303488,-618,-95150.63900000002,37.15642835274181,-489,-105435.449,-8.793278606965117,-499,-85155.449,23.206721393034883,Leisure
2025-08-01,AugustCorporate group,Corporate group,0,0,,0,,0,0,,0,,0,0,,0,,0,0,,0,,5,1240.35,248.07,0.001040537332857897,0.009003839735114804,250,81000,324,0.0527020795362217,-0.17766497461928935,0,0,,0,,0,0,,-5,-1240.35,,-250,-81000,,0,0,,Groups
2025-08-01,AugustCovention,Covention,0,0,,0,,0,0,,0,,0,0,,0,,0,0,,0,,0,0,,0,,0,0,,0,,0,0,,0,,0,0,,0,0,,0,0,,0,0,,Groups
2025-08-01,AugustAssociation,Association,0,0,,0,,0,0,,0,,0,0,,0,,0,0,,0,,0,0,,0,,0,0,,0,,0,0,,0,,0,0,,0,0,,0,0,,0,0,,Groups
2025-08-01,AugustAD Hoc Group,AD Hoc Group,0,0,,0,,-30,-4444.77,148.15900000000002,-0.010113921345795567,,0,0,,0,,0,0,,0,,28,5154.8,184.1,0.004324393794828789,-0.25118874956570875,300,87814.9,292.7163333333333,0.05713614622549821,-0.2570651438240272,60,10200,170,0.006362275449101796,-0.5,0,0,,-28,-5154.8,,-300,-87814.9,,-60,-10200,,Groups
2025-08-01,AugustTour Group,Tour Group,0,0,,0,,0,0,,0,,0,0,,0,,0,0,,0,,0,0,,0,,60,11400,190,0.007417329712505276,-0.5177664974619289,0,0,,0,,0,0,,0,0,,-60,-11400,,0,0,,Groups
2025-08-01,AugustContract,Contract,81,26311.32900000026,324.83122222222545,0.7329603066744929,,936,383289.03799999994,409.4968354700854,0.8721610303879948,,1943,771695.4520000002,397.16698507462695,0.8322360623884281,0.3467046890784873,865,302900.51,350.17400000000004,0.7397854328868543,0.15194499728605035,1238,426562.63000000006,344.55785945072705,0.3578460445173137,0.40146008464020483,1160.5,404666.35,348.7,0.26329331065842626,-0.11497461928934014,2400,931200,388,0.5808383233532934,0.1411764705882353,1078,468794.94200000016,46.992985074626915,705,345132.8220000001,52.6091256238999,782.5,367029.1020000002,48.46698507462696,-457,-159504.54799999984,9.16698507462695,Contract
2025-08-01,AugustComplimentary,Complimentary,0,0,,0,,0,0,,0,,0,0,,0,,0,0,,0,,99,818.7200000000004,8.269898989898994,0.0006868293023399991,-0.966362882109769,0,0,,0,,0,0,,0,,0,0,,-99,-818.7200000000004,,0,0,,0,0,,Complimentary
2025-09-01,SeptemberUnmanaged/ Leisure - Pre,Unmanaged/ Leisure - Pre,0,0,,0,,0,0,,0,,10,5214.033,521.4033000000001,0.009374215174017266,,66,25121.579999999998,380.63,0.08407251782508907,,625,179132.36999999997,286.6117919999999,0.10918347203162754,,600,246000,410,0.10195486010736345,,100,39000,390,0.018479909021986353,,-56,-19907.547,140.77330000000006,-615,-173918.33699999997,234.79150800000014,-590,-240785.967,111.40330000000006,-90,-33785.967,131.40330000000006,Retail
2025-09-01,SeptemberUnmanaged/ Leisure - Dis,Unmanaged/ Leisure - Dis,-8,-2569.5999999999985,321.1999999999998,-0.09671119825423044,,2,-343.68400000000474,-171.84200000000237,-0.0017777970986356177,,71,21909.492000000002,308.5843943661972,0.039390677496941404,-0.4081656284756978,31,8592.42,277.17483870967743,0.028755611056734957,-0.2717998089754422,586,178193.31000000003,304.0841467576792,0.10861110294363963,0.06096174423165146,660,250800,380,0.10394422323140956,-0.07317073170731707,650,240500,370,0.11395943896891585,-0.05128205128205128,40,13317.072000000002,31.409555656519785,-515,-156283.81800000003,4.500247608518009,-589,-228890.508,-71.41560563380278,-579,-218590.508,-61.415605633802784,Retail
2025-09-01,SeptemberPackage,Package,15,4526.2800000000025,301.7520000000002,0.17035412610295714,,36,13430.428000000005,373.0674444444446,0.06947246869750771,,89,28499.944000000003,320.2240898876405,0.05123953137685211,-0.38584184279685135,57,27112.690000000002,475.66122807017547,0.09073601713391889,0.24966825544538127,766,278796.68,363.96433420365537,0.169930144469649,0.2698861120258983,793.26,349034.4,440.00000000000006,0.14465753424657535,0.07317073170731721,750,292500,390,0.13859931766489764,0,32,1387.2540000000008,-155.43713818253497,-677,-250296.73599999998,-43.740244316014866,-704.26,-320534.456,-119.77591011235955,-661,-264000.056,-69.7759101123595,Retail
2025-09-01,SeptemberThird Party Intermediary,Third Party Intermediary,0,0,,0,,-3,-737.8799999999987,245.95999999999958,-0.0038168809811956017,,15,3764.5410000000006,250.96940000000004,0.006768199849408344,-0.5186654936783099,35,12810.875,366.025,0.0428731997267882,-0.03837059611696403,627,198492.17,316.57443381180224,0.12098351789624659,0.10454085508038805,640,217600,340,0.09018446162342392,-0.17073170731707318,350,105000,300,0.049753601213040184,-0.23076923076923078,-20,-9046.333999999999,-115.05559999999994,-612,-194727.62900000002,-65.6050338118022,-625,-213835.459,-89.03059999999996,-335,-101235.459,-49.030599999999964,Retail
2025-09-01,SeptemberManaged Corporate - Global,Managed Corporate - Global,0,0,,0,,0,0,,0,,0,0,,0,,0,0,,0,,21,8020.139999999999,381.91142857142853,0.004888377970881184,0.3325042417355551,40,16800,420,0.006962770934161405,0.024390243902439025,40,14800,370,0.007012888551933283,-0.05128205128205128,0,0,,-21,-8020.139999999999,,-40,-16800,,-40,-14800,,Corporate
2025-09-01,SeptemberManaged Corporate - Local,Managed Corporate - Local,0,0,,0,,26,7824.872000000002,300.9566153846155,0.040476236132013406,,26,7824.872000000002,300.9566153846155,0.014068195164308097,-0.4227949547219677,28,9201.08,328.61,0.03079256807533883,-0.13666815542652966,379,152032.11999999997,401.14015831134554,0.0926655228305696,0.39959404849380953,883,317880,360,0.13174557288995403,-0.12195121951219512,380,133000,350,0.06302122820318423,-0.10256410256410256,-2,-1376.2079999999978,-27.65338461538454,-353,-144207.24799999996,-100.18354292673007,-857,-310055.128,-59.043384615384525,-354,-125175.128,-49.043384615384525,Corporate
2025-09-01,SeptemberGovernment,Government,0,0,,0,,0,0,,0,,0,0,,0,,0,0,,0,,0,0,,0,,0,0,,0,,0,0,,0,,0,0,,0,0,,0,0,,0,0,,Corporate
2025-09-01,SeptemberWholesale Fixed Value,Wholesale Fixed Value,3,511.92899999999645,170.6429999999988,0.019267305032335622,,72,11222.133999999991,155.86297222222208,0.05804947936389191,,206,35162.127,170.68993689320388,0.06321734911806699,-0.6726335700345513,126,25594.38,203.13,0.0856548023162597,-0.46633213356803194,625,148919.39,238.271024,0.09076827405918896,-0.16866287204261268,800,232423.4,290.52925,0.09632802940112917,-0.29139207317073174,950,209000,220,0.09903335860500379,-0.4358974358974359,80,9567.747,-32.44006310679612,-419,-113757.263,-67.58108710679613,-594,-197261.273,-119.83931310679611,-744,-173837.873,-49.31006310679612,Leisure
2025-09-01,SeptemberCorporate group,Corporate group,0,0,,0,,17,6087.224000000002,358.0720000000001,0.03148778868363076,,266,95247.15200000002,358.07200000000006,0.17124312361665703,-0.31325329164583343,0,0,,0,,115,34577.64,300.6751304347826,0.021075514100883534,0.04906755000081323,350,126000,360,0.052220782006210546,-0.12195121951219512,350,126000,360,0.05970432145564822,-0.07692307692307693,266,95247.15200000002,,151,60669.51200000002,57.39686956521746,-84,-30752.847999999984,-1.9279999999999404,-84,-30752.847999999984,-1.9279999999999404,Groups
2025-09-01,SeptemberCovention,Covention,0,0,,0,,0,0,,0,,0,0,,0,,0,0,,0,,2,825,412.5,0.0005028480582604514,0.439228990271273,0,0,,0,,0,0,,0,,0,0,,-2,-825,,0,0,,0,0,,Groups
2025-09-01,SeptemberAssociation,Association,0,0,,0,,0,0,,0,,0,0,,0,,0,0,,0,,0,0,,0,,0,0,,0,,0,0,,0,,0,0,,0,0,,0,0,,0,0,,Groups
2025-09-01,SeptemberAD Hoc Group,AD Hoc Group,0,0,,0,,0,0,,0,,0,0,,0,,0,0,,0,,0,228.72,,0.00013940776713373387,,300,93000,310,0.038543910528393496,-0.24390243902439024,0,0,,0,,0,0,,0,-228.72,,-300,-93000,,0,0,,Groups
2025-09-01,SeptemberTour Group,Tour Group,0,0,,0,,0,0,,0,,0,0,,0,,0,0,,0,,45,10035.57,223.01266666666666,0.006116808349135561,-0.2218998907530409,90,25200,280,0.010444156401242109,-0.3170731707317073,0,0,,0,,0,0,,-45,-10035.57,,-90,-25200,,0,0,,Groups
2025-09-01,SeptemberContract,Contract,60,24101.219999999972,401.68699999999956,0.9070897671189377,,398,155837.0549999997,391.55038944723543,0.8061087052027875,,919,358587.9219999998,390.1936039173012,0.6446987082037489,-0.2516472298558503,503,190375.44,378.48,0.6371152838658705,-0.0056485300685704684,1245,451630.1200000001,362.7551164658635,0.2752743380532542,0.26566710299855223,1454.31,538094.7,370,0.22301369863013698,-0.0975609756097561,2450,950600,388,0.4504359363153905,-0.005128205128205128,416,168212.48199999979,11.713603917301157,-326,-93042.19800000032,27.438487451437652,-535.31,-179506.77800000017,20.193603917301175,-1531,-592012.0780000002,2.193603917301175,Contract
2025-09-01,SeptemberComplimentary,Complimentary,0,0,,0,,0,0,,0,,0,0,,0,,0,0,,0,,44,-228.58999999999997,-5.195227272727272,-0.00013932853047000796,-1.018126355641108,0,0,,0,,0,0,,0,,0,0,,-44,228.58999999999997,,0,0,,0,0,,Complimentary
2025-10-01,OctoberUnmanaged/ Leisure - Pre,Unmanaged/ Leisure - Pre,0,0,,0,,-4,-2024.2750000000015,506.06875000000036,-0.020664588435848123,,134,64338.05400000001,480.13473134328365,0.09562195261851955,,0,0,,0,,350,192209.21,549.1691714285714,0.05764773809707654,,420,268800,640,0.06831750356455725,,0,0,,0,,134,64338.05400000001,,-216,-127871.15599999999,-69.03444008528777,-286,-204461.946,-159.86526865671635,134,64338.05400000001,,Retail
2025-10-01,OctoberUnmanaged/ Leisure - Dis,Unmanaged/ Leisure - Dis,0,0,,0,,0,0,,0,,4,2468.4,617.1,0.0036686410789414556,0.28526423879715096,0,0,,0,,522,281252.34,538.7975862068967,0.08435371663777155,-0.01888595675298893,540,329400,610,0.08371944075210251,-0.046875,0,0,,0,,4,2468.4,,-518,-278783.94,78.30241379310337,-536,-326931.6,7.100000000000023,4,2468.4,,Retail
2025-10-01,OctoberPackage,Package,0,0,,0,,-15,-13096.368999999948,873.0912666666632,-0.13369284083881813,0.725242403658915,345,226836.92900000006,657.4983449275364,0.33713469289836595,0.36940384022634365,0,0,,0,,726,484754.79000000004,667.7063223140497,0.1453885439476253,0.2158481521770855,800,552000,690,0.14029487339150148,0.078125,0,0,,0,,345,226836.92900000006,,-381,-257917.86099999998,-10.207977386513221,-455,-325163.07099999994,-32.501655072463564,345,226836.92900000006,,Retail
2025-10-01,OctoberThird Party Intermediary,Third Party Intermediary,0,0,,0,,3,1144.099000000002,381.366333333334,0.011679408659824097,-0.24641398360729894,60,25210.262000000002,420.17103333333336,0.03746856375955144,-0.12488931563477718,0,0,,0,,456,262301.93999999994,575.2235526315789,0.0786700779815654,0.04744326986751885,590,343572,582.3254237288136,0.08732135913200172,-0.09011652542372879,0,0,,0,,60,25210.262000000002,,-396,-237091.67799999996,-155.0525192982455,-530,-318361.738,-162.15439039548022,60,25210.262000000002,,Retail
2025-10-01,OctoberManaged Corporate - Global,Managed Corporate - Global,1,395.10900000000004,395.10900000000004,0.012285640894263644,,2,790.2180000000001,395.10900000000004,0.008066853438687443,-0.21925825295476206,2,790.2180000000001,395.10900000000004,0.0011744556052985574,-0.17708723363003803,0,0,,0,,54,31802.950000000004,588.9435185185185,0.009538398978459048,0.07242640184349905,70,42000,600,0.01067460993196207,-0.0625,0,0,,0,,2,790.2180000000001,,-52,-31012.732000000004,-193.8345185185185,-68,-41209.782,-204.89099999999996,2,790.2180000000001,,Corporate
2025-10-01,OctoberManaged Corporate - Local,Managed Corporate - Local,0,0,,0,,0,0,,0,,0,0,,0,,0,0,,0,,702,374635.9700000001,533.6694729344731,0.11236150588363704,-0.02822390494677341,1080,594000,550,0.15096948332346355,-0.140625,0,0,,0,,0,0,,-702,-374635.9700000001,,-1080,-594000,,0,0,,Corporate
2025-10-01,OctoberGovernment,Government,0,0,,0,,0,0,,0,,0,0,,0,,0,0,,0,,0,0,,0,,0,0,,0,,0,0,,0,,0,0,,0,0,,0,0,,0,0,,Corporate
2025-10-01,OctoberWholesale Fixed Value,Wholesale Fixed Value,12,6860.52399999999,571.7103333333325,0.21332324551067444,,44,18651.15999999999,423.88999999999976,0.19039831310032113,-0.1623865334502487,183,74092.28199999999,404.8758579234972,0.11011910119012905,-0.1567453227331274,0,0,,0,,1178,445524.79000000004,378.20440577249576,0.1336226105381476,-0.31131530054999174,990,395010,399,0.10039470641010327,-0.3765625,0,0,,0,,183,74092.28199999999,,-995,-371432.50800000003,26.67145215100146,-807,-320917.718,5.875857923497222,183,74092.28199999999,,Leisure
2025-10-01,OctoberCorporate group,Corporate group,0,0,,0,,32,19575.776000000005,611.7430000000002,0.19983715372286523,0.2088140198342611,62,32523.326000000005,524.5697741935485,0.048337550553963986,0.09254702888488806,0,0,,0,,491,224025.27000000005,456.26327902240337,0.0671900690507331,-0.1691753602346049,510,252960,496,0.06429165067593155,-0.225,0,0,,0,,62,32523.326000000005,,-429,-191501.94400000005,68.30649517114512,-448,-220436.674,28.569774193548483,62,32523.326000000005,,Groups
2025-10-01,OctoberCovention,Covention,0,0,,0,,0,0,,0,,0,0,,0,,0,0,,0,,468,307893.3100000001,657.8916880341883,0.09234392512576273,0.19797636550280762,500,337000,674,0.08565103683502899,0.053125,0,0,,0,,0,0,,-468,-307893.3100000001,,-500,-337000,,0,0,,Groups
2025-10-01,OctoberAssociation,Association,0,0,,0,,0,0,,0,,0,0,,0,,0,0,,0,,0,0,,0,,0,0,,0,,0,0,,0,,0,0,,0,0,,0,0,,0,0,,Groups
2025-10-01,OctoberAD Hoc Group,AD Hoc Group,0,0,,0,,0,0,,0,,0,0,,0,,0,0,,0,,473,192691.87000000002,407.3823890063425,0.057792498367772914,-0.258184162183384,490,212660,434,0.054049108288834614,-0.321875,0,0,,0,,0,0,,-473,-192691.87000000002,,-490,-212660,,0,0,,Groups
2025-10-01,OctoberTour Group,Tour Group,0,0,,0,,0,0,,0,,0,0,,0,,0,0,,0,,76,25152.709999999995,330.9567105263157,0.00754384682457057,-0.3973501650404239,90,30600,340,0.0077772158075723645,-0.46875,0,0,,0,,0,0,,-76,-25152.709999999995,,-90,-30600,,0,0,,Groups
2025-10-01,OctoberContract,Contract,62,24904.593999999866,401.68699999999785,0.7743911135950619,,206,72918.03200000012,353.9710291262142,0.7443757003529683,-0.3005475459091004,643,246578.222,383.48090513219285,0.36647504229523,-0.20130563340144178,0,0,,0,,1338,504754.15000000014,377.24525411061296,0.15138678860712498,-0.3130618509970748,1486.5,576568,387.8694920955264,0.14653901188694063,-0.39395391860073997,0,0,,0,,643,246578.222,,-695,-258175.92800000013,6.2356510215798835,-843.5,-329989.778,-4.38858696333358,643,246578.222,,Contract
2025-10-01,OctoberComplimentary,Complimentary,0,0,,0,,0,0,,0,,0,0,,0,,0,0,,0,,93,7202.810000000001,77.44956989247314,0.0021602799597532497,-0.8589695599791206,0,0,,0,,0,0,,0,,0,0,,-93,-7202.810000000001,,0,0,,0,0,,Complimentary
2025-11-01,NovemberUnmanaged/ Leisure - Pre,Unmanaged/ Leisure - Pre,0,0,,0,,1,265.5950000000157,265.5950000000157,0.0034524516124145024,,128,71042.13600000001,555.0166875000001,0.1068062036536146,,0,0,,0,,424,298686.78,704.4499528301887,0.06728058195922824,,440,330000,750,0.0688194646471282,,0,0,,0,,128,71042.13600000001,,-296,-227644.64400000003,-149.43326533018865,-312,-258957.864,-194.9833124999999,128,71042.13600000001,,Retail
2025-11-01,NovemberUnmanaged/ Leisure - Dis,Unmanaged/ Leisure - Dis,0,0,,0,,0,0,,0,,17,9916.522,583.3248235294118,0.014908702467329381,0.05100411693371234,0,0,,0,,459,316279.44,689.0619607843138,0.07124341018688142,-0.021843981938038857,480,350400,730,0.0730737588253143,-0.02666666666666667,0,0,,0,,17,9916.522,,-442,-306362.918,-105.737137254902,-463,-340483.478,-146.6751764705882,17,9916.522,,Retail
2025-11-01,NovemberPackage,Package,3,2303.070000000007,767.6900000000023,0.08187694798465472,,-10,-4375.304999999964,437.5304999999964,-0.056874296587112766,0.6473597018015042,221,133930.01600000003,606.0181719457015,0.20135313167143318,0.09189180360581753,0,0,,0,,1157,871926.0000000001,753.609334485739,0.19640537390165727,0.06978406550820002,1190,916300,770,0.19108871350352596,0.02666666666666667,0,0,,0,,221,133930.01600000003,,-936,-737995.984,-147.59116254003754,-969,-782369.9839999999,-163.9818280542985,221,133930.01600000003,,Retail
2025-11-01,NovemberThird Party Intermediary,Third Party Intermediary,0,0,,0,,-10,-8162.033000000003,816.2033000000004,-0.10609772018083444,2.073112445640739,38,21748.067000000003,572.317552631579,0.03269648977156958,0.03117179270682544,0,0,,0,,656,449608.4800000001,685.378780487805,0.10127639458366398,-0.02707243043421846,680,482800,710,0.10068496221707118,-0.05333333333333334,0,0,,0,,38,21748.067000000003,,-618,-427860.4130000001,-113.06122785622597,-642,-461051.933,-137.68244736842098,38,21748.067000000003,,Retail
2025-11-01,NovemberManaged Corporate - Global,Managed Corporate - Global,0,0,,0,,0,0,,0,,0,0,,0,,0,0,,0,,75,39711.13999999999,529.4818666666665,0.0089451183928006,-0.24837546721463005,90,54000,600,0.011261366942257342,-0.2,0,0,,0,,0,0,,-75,-39711.13999999999,,-90,-54000,,0,0,,Corporate
2025-11-01,NovemberManaged Corporate - Local,Managed Corporate - Local,0,0,,0,,0,0,,0,,0,0,,0,,0,0,,0,,912,484284.61,531.013826754386,0.1090873536307763,-0.24620077747043367,1340,790200,589.7014925373135,0.16479133625503242,-0.21373134328358204,0,0,,0,,0,0,,-912,-484284.61,,-1340,-790200,,0,0,,Corporate
2025-11-01,NovemberGovernment,Government,0,0,,0,,0,0,,0,,0,0,,0,,0,0,,0,,0,0,,0,,0,0,,0,,0,0,,0,,0,0,,0,0,,0,0,,0,0,,Corporate
2025-11-01,NovemberWholesale Fixed Value,Wholesale Fixed Value,4,1724.1399999999994,431.03499999999985,0.06129528025559889,,50,21982.68599999999,439.6537199999998,0.28575146266269014,0.6553539034995907,136,53930.558,396.54822058823527,0.08108030649445946,-0.2855201843129533,0,0,,0,,1592,714375.43,448.7282851758794,0.16091637757711916,-0.3630089925152601,1100,555600,505.09090909090907,0.1158669532058922,-0.3265454545454546,0,0,,0,,136,53930.558,,-1456,-660444.8720000001,-52.180064587644154,-964,-501669.442,-108.5426885026738,136,53930.558,,Leisure
2025-11-01,NovemberCorporate group,Corporate group,0,0,,0,,0,0,,0,,0,0,,0,,0,0,,0,,571,277953.01999999996,486.7828721541155,0.06261020639388527,-0.3089887078586305,590,319600,541.6949152542373,0.06665060879158234,-0.2777401129943502,0,0,,0,,0,0,,-571,-277953.01999999996,,-590,-319600,,0,0,,Groups
2025-11-01,NovemberCovention,Covention,0,0,,0,,0,0,,0,,0,0,,0,,0,0,,0,,0,67346.91999999998,,0.015170205962117194,,0,0,,0,,0,0,,0,,0,0,,0,-67346.91999999998,,0,0,,0,0,,Groups
2025-11-01,NovemberAssociation,Association,0,0,,0,,0,0,,0,,0,0,,0,,0,0,,0,,0,0,,0,,0,0,,0,,0,0,,0,,0,0,,0,0,,0,0,,0,0,,Groups
2025-11-01,NovemberAD Hoc Group,AD Hoc Group,0,0,,0,,0,0,,0,,380,171327.86000000002,450.86278947368424,0.25757781701127297,-0.1876590386776719,0,0,,0,,594,249245.97999999998,419.6060269360269,0.056143812543019686,-0.40434941439030075,600,282000,470,0.058809360698455,-0.37333333333333335,0,0,,0,,380,171327.86000000002,,-214,-77918.11999999997,31.256762537657323,-220,-110672.13999999998,-19.137210526315755,380,171327.86000000002,,Groups
2025-11-01,NovemberTour Group,Tour Group,0,0,,0,,0,0,,0,,0,0,,0,,0,0,,0,,248,88705.66999999998,357.68415322580637,0.01998136342252326,-0.4922504405191891,250,97500,390,0.02033302364574242,-0.48,0,0,,0,,0,0,,-248,-88705.66999999998,,-250,-97500,,0,0,,Groups
2025-11-01,NovemberContract,Contract,60,24101.22000000006,401.687000000001,0.8568277717597463,,184,67218.44799999997,365.3176521739129,0.8737681024928428,0.3754688611377898,514,203254.744,395.4372451361868,0.3055773489303207,-0.28752188169804044,0,0,,0,,1508,576489.8700000001,382.2877122015916,0.1298570159255118,-0.45732452580099187,1579.5,616755,390.47483380816715,0.12862045126799865,-0.4793668882557771,0,0,,0,,514,203254.744,,-994,-373235.1260000001,13.149532934595186,-1065.5,-413500.256,4.962411328019641,514,203254.744,,Contract
2025-11-01,NovemberComplimentary,Complimentary,0,0,,0,,0,0,,0,,0,0,,0,,0,0,,0,,68,4806.94,70.69029411764706,0.0010827855208157943,-0.8996517867115433,0,0,,0,,0,0,,0,,0,0,,-68,-4806.94,,0,0,,0,0,,Complimentary
2025-12-01,DecemberUnmanaged/ Leisure - Pre,Unmanaged/ Leisure - Pre,0,0,,0,,1,404.02999999999884,404.02999999999884,0.004089064796480785,,61,41330.927,677.5561803278689,0.05461604787103267,,0,0,,0,,395,277306.14,702.0408607594937,0.07088337455426834,,460,354200,770,0.07934191459521624,,0,0,,0,,61,41330.927,,-334,-235975.21300000002,-24.484680431624838,-399,-312869.073,-92.4438196721311,61,41330.927,,Retail
2025-12-01,DecemberUnmanaged/ Leisure - Dis,Unmanaged/ Leisure - Dis,-27,-13172.940000000002,487.88666666666677,-2.708937498586199,,0,0,,0,,26,16366.636000000002,629.4860000000001,0.021627411726423816,-0.07094641259800431,0,0,,0,,392,254056.32000000004,648.1028571428573,0.06494039146929476,-0.07683029098660206,426,306720,720,0.06870624518533236,-0.06493506493506493,0,0,,0,,26,16366.636000000002,,-366,-237689.68400000004,-18.616857142857157,-400,-290353.364,-90.5139999999999,26,16366.636000000002,,Retail
2025-12-01,DecemberPackage,Package,-4,-8485.223999999987,2121.305999999997,-1.7449363223018965,,-8,8220.685000000056,-1027.585625000007,0.08319905362586433,-3.5433399128777814,466,438706.8180000001,941.4309399141633,0.5797216349209012,0.3894507455582586,0,0,,0,,1070,931916.2800000001,870.9497943925235,0.2382109921131224,0.24059701233101705,1090,970100,890,0.21730545270699964,0.15584415584415584,0,0,,0,,466,438706.8180000001,,-604,-493209.46200000006,70.48114552163986,-624,-531393.1819999999,51.43093991416333,466,438706.8180000001,,Retail
2025-12-01,DecemberThird Party Intermediary,Third Party Intermediary,0,0,,0,,6,3766.256999999998,627.7094999999996,0.038117142076576904,0.5536210182412232,33,19835.156,601.0653333333333,0.02621082826488263,-0.11289225781620307,0,0,,0,,501,341703.30999999994,682.0425349301396,0.08734420272541842,-0.028485985570297457,640,454400,710,0.1017870299041961,-0.07792207792207792,0,0,,0,,33,19835.156,,-468,-321868.1539999999,-80.97720159680625,-607,-434564.844,-108.93466666666666,33,19835.156,,Retail
2025-12-01,DecemberManaged Corporate - Global,Managed Corporate - Global,0,0,,0,,0,0,,0,,0,0,,0,,0,0,,0,,53,26773.71,505.1643396226415,0.006843739248389378,-0.28043456177730736,60,35400,590,0.007929711396585699,-0.23376623376623376,0,0,,0,,0,0,,-53,-26773.71,,-60,-35400,,0,0,,Corporate
2025-12-01,DecemberManaged Corporate - Local,Managed Corporate - Local,0,0,,0,,0,0,,0,,5,4000.425,800.085,0.005286293319878256,0.18083935063929243,0,0,,0,,507,324826.4599999999,640.683353057199,0.08303024097957966,-0.08739876997460785,1060,678400,640,0.1519637347865463,-0.16883116883116883,0,0,,0,,5,4000.425,,-502,-320826.0349999999,159.401646942801,-1055,-674399.575,160.08500000000004,5,4000.425,,Corporate
2025-12-01,DecemberGovernment,Government,0,0,,0,,0,0,,0,,0,0,,0,,0,0,,0,,0,0,,0,,0,0,,0,,0,0,,0,,0,0,,0,0,,0,0,,0,0,,Corporate
2025-12-01,DecemberWholesale Fixed Value,Wholesale Fixed Value,4,1616.3400000000038,404.08500000000095,0.33239079783744757,,28,9060.766000000003,323.59878571428584,0.09170125802477572,-0.19907238147096312,81,26894.417,332.02983950617283,0.03553916819565926,-0.5099596916885861,0,0,,0,,1711,749565.56,438.08624196376394,0.1915995669712178,-0.3759818459999236,960,470400,490,0.10537108025293539,-0.36363636363636365,0,0,,0,,81,26894.417,,-1630,-722671.143,-106.0564024575911,-879,-443505.583,-157.97016049382717,81,26894.417,,Leisure
2025-12-01,DecemberCorporate group,Corporate group,0,0,,0,,0,0,,0,,0,0,,0,,0,0,,0,,244,117804.66999999997,482.8060245901638,0.030112541135410766,-0.3122821596625495,360,193600,537.7777777777778,0.04336700921974552,-0.3015873015873015,0,0,,0,,0,0,,-244,-117804.66999999997,,-360,-193600,,0,0,,Groups
2025-12-01,DecemberCovention,Covention,0,0,,0,,0,0,,0,,0,0,,0,,0,0,,0,,0,5083.34,,0.0012993736568786196,,0,0,,0,,0,0,,0,,0,0,,0,-5083.34,,0,0,,0,0,,Groups
2025-12-01,DecemberAssociation,Association,0,0,,0,,0,0,,0,,0,0,,0,,0,0,,0,,0,0,,0,,0,0,,0,,0,0,,0,,0,0,,0,0,,0,0,,0,0,,Groups
2025-12-01,DecemberAD Hoc Group,AD Hoc Group,0,0,,0,,0,0,,0,,100,40407.4,404.074,0.05339566888359328,-0.40363026457161244,0,0,,0,,766,272294.23,355.47549608355087,0.06960225941645608,-0.49365412192819613,790,315100,398.8607594936709,0.07058339155548457,-0.48199901364458325,0,0,,0,,100,40407.4,,-666,-231886.83,48.59850391644915,-690,-274692.6,5.2132405063291,100,40407.4,,Groups
2025-12-01,DecemberTour Group,Tour Group,0,0,,0,,0,0,,0,,0,0,,0,,0,0,,0,,129,45716.49,354.3913953488372,0.011685781944736106,-0.49519833508630323,140,56800,405.7142857142857,0.012723378738024512,-0.47309833024118736,0,0,,0,,0,0,,-129,-45716.49,,-140,-56800,,0,0,,Groups
2025-12-01,DecemberContract,Contract,62,24904.593999999983,401.6869999999997,5.121483023050648,,215,77355.69600000001,359.79393488372096,0.7828934814763022,-0.10948708045510977,467,169212.483,362.33936402569594,0.22360294681762888,-0.46522609556839967,0,0,,0,,1430,561996.8400000001,393.00478321678327,0.14365434717036998,-0.4401967104997049,1580.5,629103,398.04049351471053,0.1409210516589337,-0.48306429413673957,0,0,,0,,467,169212.483,,-963,-392784.3570000001,-30.665419191087324,-1113.5,-459890.517,-35.70112948901459,467,169212.483,,Contract
2025-12-01,DecemberComplimentary,Complimentary,0,0,,0,,0,0,,0,,0,0,,0,,0,0,,0,,37,3103.07,83.86675675675676,0.0007931886148576208,-0.8805386389247677,0,0,,0,,0,0,,0,,0,0,,-37,-3103.07,,0,0,,0,0,,Complimentary
